Time,PM2_5 μg/m3,CO2 ppm,HUMIDITY %,TEMP °C,VOC ppb,PRESSURE hPa,PM1 μg/m3,Heating kWh,Outdoor temperature,"GHI, W/m2",FDD
2025-03-11 00:00:00,2.3076923076923075,401.53846153846155,31.52384615384615,21.281538461538464,47.07692307692308,999.2215384615386,2.3076923076923075,0.5333333333333333,3.9,-715.3863333333334,0
2025-03-11 01:00:00,1.7142857142857142,391.92857142857144,31.636428571428574,21.242857142857144,47.642857142857146,999.2028571428572,1.7142857142857142,0.4,3.9,-888.0044999999999,0
2025-03-11 02:00:00,1.3076923076923077,412.3076923076923,31.71615384615385,21.182307692307692,46.84615384615385,998.9307692307691,1.3076923076923077,0.4666666666666667,2.8,-1130.5819999999999,0
2025-03-11 03:00:00,2.2142857142857144,436.2857142857143,31.79071428571429,21.156428571428574,47.714285714285715,999.0071428571429,2.2142857142857144,0.4666666666666667,2.6,-748.8453333333333,0
2025-03-11 04:00:00,2.3846153846153846,423.61538461538464,31.863846153846147,21.158461538461538,47.46153846153846,999.1184615384617,2.3846153846153846,0.7333333333333333,2.2,-460.0846666666667,0
2025-03-11 05:00:00,2.357142857142857,418.57142857142856,31.937142857142856,21.164285714285715,47.214285714285715,999.4014285714286,2.357142857142857,0.5777777778,2.2,1115.4905263157896,0
2025-03-11 06:00:00,2.6153846153846154,422.0,32.163846153846144,21.160000000000004,47.76923076923077,999.3953846153847,2.4615384615384617,0.5777777778,2.5,1310.0152272727278,0
2025-03-11 07:00:00,2.142857142857143,450.64285714285717,32.38928571428572,21.176428571428573,48.357142857142854,999.5200000000001,2.142857142857143,0.5777777778,2.9,35.59192982456141,0
2025-03-11 08:00:00,2.3076923076923075,534.3076923076923,33.05,21.234615384615385,50.15384615384615,999.4815384615384,2.1538461538461537,0.4666666666666667,3.2,54.96100000000001,0
2025-03-11 09:00:00,3.5,499.2142857142857,32.12571428571429,21.43642857142857,49.714285714285715,999.6128571428571,3.357142857142857,0.5666666666666667,3.5,59.08416666666667,0
2025-03-11 10:00:00,3.0,440.84615384615387,31.321538461538452,21.618461538461535,50.38461538461539,999.5061538461539,2.8461538461538463,0.5666666666666667,3.7,46.87233333333333,0
2025-03-11 11:00:00,4.571428571428571,500.42857142857144,31.693571428571428,21.711428571428574,77.85714285714286,999.367142857143,4.571428571428571,0.4666666666666667,3.9,60.13099999999998,0
2025-03-11 12:00:00,4.461538461538462,622.0,29.89846153846154,23.484615384615385,90.0,998.8676923076922,4.153846153846154,0.6,4.0,98.72100000000003,0
2025-03-11 13:00:00,4.071428571428571,526.9285714285714,28.645000000000003,23.619285714285716,58.357142857142854,998.6114285714285,3.9285714285714284,0.6666666666666666,4.3,29.62085106382979,0
2025-03-11 14:00:00,1.8461538461538463,444.0769230769231,28.074615384615388,23.313076923076924,54.61538461538461,998.4953846153848,1.6923076923076923,0.6666666666666666,4.5,23.918653846153845,0
2025-03-11 15:00:00,0.7142857142857143,480.0,28.657142857142862,23.195,89.64285714285714,998.41,0.7142857142857143,0.7333333333333333,4.2,3612.4024,0
2025-03-11 16:00:00,1.2307692307692308,499.15384615384613,28.79769230769231,23.198461538461537,72.38461538461539,998.2215384615384,1.0769230769230769,0.5333333333333333,3.7,4350.958148148148,0
2025-03-11 17:00:00,2.0,503.5,28.942857142857143,23.170000000000005,48.42857142857143,998.2442857142858,1.7857142857142858,0.4666666666666667,3.5,-1693.088,0
2025-03-11 18:00:00,1.3076923076923077,526.5384615384615,29.11384615384615,23.157692307692308,49.30769230769231,998.3230769230769,1.3076923076923077,0.4666666666666667,3.5,-1916.689,0
2025-03-11 19:00:00,1.1428571428571428,530.2142857142857,29.251428571428566,23.154285714285717,48.5,998.1800000000001,1.1428571428571428,0.4666666666666667,3.4,-1580.8728333333333,0
2025-03-11 20:00:00,1.6923076923076923,526.9230769230769,29.33153846153846,23.239230769230776,46.53846153846154,997.7338461538463,1.5384615384615385,0.5333333333333333,3.4,-1320.9243333333332,0
2025-03-11 21:00:00,1.5,510.5,29.041428571428575,23.283571428571427,47.07142857142857,997.5128571428571,1.3571428571428572,0.4,3.3,-1292.7871666666667,0
2025-03-11 22:00:00,1.8461538461538463,491.61538461538464,28.959999999999997,23.20153846153846,56.76923076923077,997.2553846153847,1.8461538461538463,0.5333333333333333,3.3,-1176.0865000000001,0
2025-03-11 23:00:00,1.3571428571428572,492.0,28.93357142857143,23.155714285714286,61.42857142857143,996.7342857142859,1.3571428571428572,0.5333333333333333,3.1,-1113.1810000000003,0
2025-03-12 00:00:00,1.3846153846153846,488.46153846153845,28.962307692307686,23.138461538461538,48.76923076923077,996.3169230769231,1.3846153846153846,0.4666666666666667,3.1,-1340.5190000000002,0
2025-03-12 01:00:00,1.2857142857142858,474.2857142857143,28.995714285714282,23.12642857142857,48.142857142857146,995.9828571428571,1.0,0.5333333333333333,3.2,-1680.4405,0
2025-03-12 02:00:00,1.0,478.3076923076923,29.007692307692302,23.114615384615384,50.38461538461539,995.4553846153847,1.0,0.4666666666666667,3.4,-1629.0141666666666,0
2025-03-12 03:00:00,0.8571428571428571,473.92857142857144,28.902857142857133,23.210714285714285,52.642857142857146,995.2285714285715,0.8571428571428571,0.5333333333333333,3.4,-1527.7821666666666,0
2025-03-12 04:00:00,1.1538461538461537,480.7692307692308,28.550000000000004,23.524615384615387,50.69230769230769,995.1215384615384,1.1538461538461537,0.7333333333333333,3.3,-1448.1008333333334,0
2025-03-12 05:00:00,1.5,467.85714285714283,28.80785714285714,23.270000000000003,48.57142857142857,995.3385714285713,1.5,0.6666666666666666,3.2,464.8347368421053,0
2025-03-12 06:00:00,0.8461538461538461,476.9230769230769,28.727692307692315,23.383846153846157,48.46153846153846,995.5246153846153,0.6923076923076923,0.6666666666666666,3.3,1734.0495833333334,0
2025-03-12 07:00:00,0.9285714285714286,505.2142857142857,29.022142857142857,23.458571428571425,48.785714285714285,995.7257142857144,0.7857142857142857,0.6666666666666666,3.4,93.15915254237291,0
2025-03-12 08:00:00,1.3076923076923077,853.6153846153846,31.676923076923078,23.49615384615385,82.15384615384616,995.76,1.0,0.5333333333333333,3.7,131.66216666666665,0
2025-03-12 09:00:00,0.9285714285714286,866.8571428571429,30.569285714285712,23.744285714285713,58.07142857142857,995.84,0.9285714285714286,0.5333333333333333,4.0,41.24912280701754,0
2025-03-12 10:00:00,1.0,484.2307692307692,27.88923076923077,23.454615384615384,58.15384615384615,995.8953846153846,1.0,0.7333333333333333,4.6,82.49767857142857,0
2025-03-12 11:00:00,0.21428571428571427,447.7857142857143,25.946428571428573,23.853571428571428,87.28571428571429,995.89,0.21428571428571427,0.6,4.6,230.675,0
2025-03-12 12:00:00,0.15384615384615385,463.38461538461536,23.578461538461536,25.166923076923077,147.07692307692307,995.7476923076922,0.15384615384615385,0.6,5.0,190.415,4
2025-03-12 13:00:00,0.14285714285714285,488.7857142857143,22.690000000000005,26.010714285714283,158.28571428571428,995.6285714285716,0.14285714285714285,0.6,6.1,267.1333333333333,4
2025-03-12 14:00:00,0.15384615384615385,527.3846153846154,22.291538461538458,26.083846153846153,150.6153846153846,995.6876923076925,0.15384615384615385,0.6666666666666666,5.6,149.239,4
2025-03-12 15:00:00,0.0,539.7142857142857,24.037857142857145,24.80785714285715,133.57142857142858,995.6771428571429,0.0,0.4666666666666667,5.9,113.69316666666668,4
2025-03-12 16:00:00,0.0,529.1538461538462,24.175384615384612,23.93307692307692,101.6923076923077,995.9138461538462,0.0,0.06666666666666667,6.0,1157.311320754717,0
2025-03-12 17:00:00,0.0,472.0,23.314999999999998,23.041428571428575,49.714285714285715,996.3357142857142,0.0,0.0,6.0,-541.6282456140352,0
2025-03-12 18:00:00,0.07692307692307693,471.9230769230769,23.57769230769231,22.496923076923075,50.92307692307692,996.6538461538463,0.07692307692307693,0.0,5.6,-1731.2635,0
2025-03-12 19:00:00,0.21428571428571427,481.85714285714283,24.053571428571427,22.12357142857143,51.285714285714285,996.7642857142857,0.21428571428571427,0.3333333333333333,4.4,-1832.0053333333333,0
2025-03-12 20:00:00,1.4615384615384615,482.6923076923077,24.58153846153846,21.916923076923077,73.15384615384616,996.6276923076924,1.3076923076923077,0.4,3.5,-1546.0923333333333,0
2025-03-12 21:00:00,1.1428571428571428,467.0,24.888571428571428,21.775714285714283,57.07142857142857,996.4028571428572,1.1428571428571428,0.6666666666666666,3.2,-1374.5014999999999,0
2025-03-12 22:00:00,0.0,453.53846153846155,25.515384615384615,21.661538461538456,48.69230769230769,996.3584615384615,0.0,0.6666666666666666,3.8,-1619.6903333333332,0
2025-03-12 23:00:00,0.14285714285714285,465.2142857142857,26.13642857142857,21.637857142857147,82.5,996.2357142857143,0.14285714285714285,0.6,2.9,-1883.4341666666667,0
2025-03-13 00:00:00,0.0,463.0769230769231,26.434615384615384,21.666153846153854,110.15384615384616,996.1138461538461,0.0,0.5333333333333333,3.4,-1371.715,0
2025-03-13 01:00:00,0.0,452.2142857142857,26.76928571428571,21.63428571428571,111.71428571428571,995.9585714285714,0.0,0.4666666666666667,3.0,-1068.7843333333333,0
2025-03-13 02:00:00,0.23076923076923078,459.84615384615387,27.057692307692307,21.610000000000007,104.07692307692308,995.6169230769234,0.23076923076923078,0.4666666666666667,2.8,-1262.8176666666666,0
2025-03-13 03:00:00,0.0,453.0,27.340000000000003,21.57571428571428,97.35714285714286,995.5585714285714,0.0,0.6,3.3,-1653.3708333333336,0
2025-03-13 04:00:00,0.0,452.2307692307692,27.603846153846153,21.505384615384614,94.61538461538461,995.4907692307695,0.0,0.7333333333333333,3.3,-1771.6803333333335,0
2025-03-13 05:00:00,0.0,444.92857142857144,27.862857142857145,21.437142857142856,84.71428571428571,995.3214285714284,0.0,0.6,3.2,1834.7583333333332,0
2025-03-13 06:00:00,0.0,461.6923076923077,28.133846153846154,21.415384615384614,77.84615384615384,995.4861538461538,0.0,0.7333333333333333,2.7,56.49912280701756,0
2025-03-13 07:00:00,0.0,499.07142857142856,28.528571428571432,21.495714285714286,69.35714285714286,995.7671428571427,0.0,0.6666666666666666,2.0,71.79283333333332,0
2025-03-13 08:00:00,0.8461538461538461,702.8461538461538,29.994615384615386,21.696153846153848,169.46153846153845,995.8646153846154,0.8461538461538461,0.5333333333333333,2.3,120.55349999999999,0
2025-03-13 09:00:00,2.5714285714285716,957.5,31.375,22.041428571428572,225.5,995.7200000000001,1.9285714285714286,0.5333333333333333,3.6,214.57766666666652,0
2025-03-13 10:00:00,1.8461538461538463,652.1538461538462,29.01923076923077,22.116153846153846,69.46153846153847,995.5707692307692,1.8461538461538463,0.5333333333333333,3.9,157.34666666666666,0
2025-03-13 11:00:00,1.5714285714285714,501.35714285714283,27.246428571428574,21.975,49.714285714285715,995.4171428571427,1.5714285714285714,0.5333333333333333,3.8,148.73149999999998,0
2025-03-13 12:00:00,1.8461538461538463,716.8461538461538,28.215384615384615,22.126923076923074,136.6153846153846,995.2107692307692,1.4615384615384615,0.4666666666666667,3.8,164.1906666666666,0
2025-03-13 13:00:00,0.9285714285714286,663.2857142857143,28.61642857142857,22.197142857142858,127.07142857142857,995.1714285714286,0.9285714285714286,0.6,4.6,93.25724137931034,0
2025-03-13 14:00:00,1.3076923076923077,471.15384615384613,28.259999999999998,21.916923076923077,52.69230769230769,995.3492307692305,1.3076923076923077,0.6,4.8,107.77983333333329,0
2025-03-13 15:00:00,0.7142857142857143,498.2857142857143,27.902142857142856,21.66142857142857,74.35714285714286,995.7928571428571,0.7142857142857143,0.4666666666666667,4.3,33.65867924528301,0
2025-03-13 16:00:00,0.15384615384615385,493.6923076923077,27.128461538461536,21.48153846153846,89.15384615384616,996.1015384615384,0.15384615384615385,0.4,4.1,3804.6935135135136,0
2025-03-13 17:00:00,0.42857142857142855,484.0,26.845000000000002,21.565714285714282,78.57142857142857,996.302857142857,0.42857142857142855,0.5333333333333333,3.0,-577.6350000000001,0
2025-03-13 18:00:00,0.0,465.46153846153845,27.565384615384612,21.560000000000002,92.0,996.7523076923075,0.0,0.5333333333333333,2.4,-1092.2301666666667,0
2025-03-13 19:00:00,0.14285714285714285,485.42857142857144,28.197142857142858,21.534285714285716,99.0,997.3028571428573,0.14285714285714285,0.4666666666666667,1.6,-858.9946666666666,0
2025-03-13 20:00:00,0.6923076923076923,510.0,28.35153846153846,21.466923076923077,99.23076923076923,997.7399999999998,0.6923076923076923,0.5333333333333333,1.1,-791.3465000000001,0
2025-03-13 21:00:00,1.3571428571428572,500.42857142857144,28.505714285714284,21.41,97.78571428571429,997.9685714285715,1.1428571428571428,0.5333333333333333,1.6,-842.9910000000001,0
2025-03-13 22:00:00,0.5384615384615384,484.53846153846155,28.682307692307692,21.356153846153845,88.46153846153847,998.2830769230769,0.5384615384615384,0.5333333333333333,1.5,-471.60383333333334,0
2025-03-13 23:00:00,0.7857142857142857,487.7142857142857,28.84857142857143,21.31714285714286,86.78571428571429,998.6171428571427,0.7857142857142857,0.4666666666666667,1.6,-899.8346666666667,0
2025-03-14 00:00:00,1.0,485.3076923076923,28.97923076923077,21.287692307692307,81.3076923076923,999.0046153846154,1.0,0.5333333333333333,1.8,-828.5656666666667,0
2025-03-14 01:00:00,0.42857142857142855,485.85714285714283,29.095714285714287,21.280714285714282,76.14285714285714,999.2742857142857,0.42857142857142855,0.5333333333333333,1.9,-833.791,0
2025-03-14 02:00:00,1.7692307692307692,499.7692307692308,29.20307692307692,21.246153846153845,70.15384615384616,999.7323076923077,1.6153846153846154,0.5333333333333333,2.0,-1004.5736666666667,0
2025-03-14 03:00:00,1.0,508.5,29.28357142857143,21.227857142857147,62.785714285714285,1000.3414285714288,1.0,0.5333333333333333,2.0,-937.3670000000001,0
2025-03-14 04:00:00,0.7692307692307693,489.3076923076923,29.37076923076923,21.215384615384615,55.92307692307692,1000.9307692307694,0.7692307692307693,0.8666666666666667,2.0,-730.1990000000001,0
2025-03-14 05:00:00,0.7142857142857143,471.92857142857144,29.45642857142857,21.197142857142858,56.57142857142857,1001.5699999999999,0.7142857142857143,0.6666666666666666,1.7,2502.6772222222226,0
2025-03-14 06:00:00,1.0,482.61538461538464,29.481538461538467,21.235384615384614,49.38461538461539,1002.34,1.0,0.7333333333333333,1.4,30.900000000000002,0
2025-03-14 07:00:00,0.21428571428571427,481.2857142857143,29.656428571428567,21.335,52.0,1003.2957142857146,0.21428571428571427,0.6666666666666666,1.5,34.31945454545455,0
2025-03-14 08:00:00,0.9230769230769231,571.8461538461538,30.307692307692303,21.207692307692305,66.6923076923077,1004.1015384615384,0.9230769230769231,0.6666666666666666,2.0,49.66416666666666,0
2025-03-14 09:00:00,0.2857142857142857,530.0,28.56714285714286,21.60214285714286,55.5,1004.9757142857143,0.14285714285714285,0.6,2.6,84.51066666666665,0
2025-03-14 10:00:00,0.0,546.0,28.674615384615382,21.56846153846154,77.0,1005.92,0.0,0.8,2.3,114.34100000000004,0
2025-03-14 11:00:00,0.42857142857142855,1143.2142857142858,31.41,21.751428571428573,226.92857142857142,1006.9828571428573,0.14285714285714285,0.5333333333333333,2.2,145.83666666666667,0
2025-03-14 12:00:00,0.46153846153846156,874.8461538461538,30.04692307692308,21.643076923076926,163.23076923076923,1007.6446153846155,0.0,0.5333333333333333,1.9,174.4833333333333,0
2025-03-14 13:00:00,0.2857142857142857,857.9285714285714,29.342142857142854,21.631428571428568,150.57142857142858,1008.2699999999999,0.2857142857142857,0.6,1.9,128.29183333333333,0
2025-03-14 14:00:00,1.7692307692307692,994.8461538461538,31.103846153846153,21.610769230769236,218.46153846153845,1009.1107692307693,0.7692307692307693,0.5333333333333333,1.9,67.85750000000002,0
2025-03-14 15:00:00,0.42857142857142855,836.2142857142857,29.111428571428576,21.573571428571427,191.92857142857142,1009.8357142857143,0.2857142857142857,0.5333333333333333,2.3,46.89216666666666,0
2025-03-14 16:00:00,0.9230769230769231,716.0769230769231,28.339230769230767,21.520769230769233,200.0,1010.6476923076923,0.9230769230769231,0.06666666666666667,2.2,518.5111111111111,0
2025-03-14 17:00:00,0.7142857142857143,683.7142857142857,28.79357142857143,21.33142857142857,179.07142857142858,1011.7385714285714,0.5714285714285714,0.2,2.1,648.4524561403508,0
2025-03-14 18:00:00,0.6923076923076923,680.0769230769231,29.052307692307696,21.185384615384617,168.07692307692307,1012.72,0.38461538461538464,0.3333333333333333,2.2,-1110.2343333333333,0
2025-03-14 19:00:00,0.9285714285714286,668.5714285714286,29.291428571428572,21.245714285714286,162.85714285714286,1013.6957142857143,0.8571428571428571,0.8,2.1,-2394.6884999999997,0
2025-03-14 20:00:00,0.8461538461538461,650.6153846153846,29.726153846153842,21.156153846153845,159.84615384615384,1014.3184615384616,0.8461538461538461,0.6,1.8,-2653.1041666666665,0
2025-03-14 21:00:00,1.0,667.0,29.79571428571429,21.13857142857143,150.21428571428572,1014.9357142857143,1.0,0.6,1.7,-2228.9555000000005,0
2025-03-14 22:00:00,0.6923076923076923,634.6153846153846,29.76846153846154,21.13230769230769,140.6153846153846,1015.773846153846,0.6923076923076923,0.6666666666666666,1.1,-2292.5468333333333,0
2025-03-14 23:00:00,1.0714285714285714,618.2857142857143,29.751428571428566,21.127142857142864,135.92857142857142,1016.3628571428573,1.0714285714285714,0.6,0.4,-2233.3285,0
2025-03-15 00:00:00,1.0,632.8461538461538,29.922307692307697,21.135384615384616,173.76923076923077,1016.9092307692306,1.0,0.6666666666666666,0.1,-2224.3908333333334,0
2025-03-15 01:00:00,0.8571428571428571,603.0,29.873571428571427,21.12142857142857,165.35714285714286,1017.2214285714286,0.8571428571428571,0.7333333333333333,-0.1,-2268.6646666666666,0
2025-03-15 02:00:00,0.6923076923076923,595.0,29.71076923076923,21.133846153846154,154.15384615384616,1017.5753846153846,0.6923076923076923,0.6666666666666666,-0.7,-2342.0058333333336,0
2025-03-15 03:00:00,0.7142857142857143,597.2857142857143,29.606428571428577,21.125,141.0,1017.9271428571429,0.7142857142857143,0.6666666666666666,-1.6,-2383.1025,0
2025-03-15 04:00:00,1.4615384615384615,569.4615384615385,29.521538461538462,21.113846153846154,128.76923076923077,1018.6476923076922,1.4615384615384615,0.6666666666666666,-2.1,-2197.752833333333,0
2025-03-15 05:00:00,1.6428571428571428,572.2857142857143,29.41571428571428,21.115714285714287,116.28571428571429,1019.3185714285713,1.6428571428571428,0.6666666666666666,-2.5,857.7454545454547,0
2025-03-15 06:00:00,1.4615384615384615,545.6153846153846,29.209230769230768,21.320769230769233,106.46153846153847,1019.8569230769232,1.4615384615384615,0.7333333333333333,-2.4,115.74666666666663,0
2025-03-15 07:00:00,1.3571428571428572,551.6428571428571,28.65285714285714,22.05857142857143,104.14285714285714,1020.5785714285715,1.2142857142857142,0.4666666666666667,-2.6,259.7766666666667,0
2025-03-15 08:00:00,1.6153846153846154,557.3076923076923,28.073846153846155,22.509230769230765,114.0,1020.9169230769232,1.6153846153846154,0.4666666666666667,-1.6,391.17500000000007,0
2025-03-15 09:00:00,1.1428571428571428,546.0,28.060000000000006,22.349285714285717,103.28571428571429,1021.0200000000002,1.1428571428571428,0.5333333333333333,1.1,492.04499999999996,0
2025-03-15 10:00:00,1.2307692307692308,555.3076923076923,28.31692307692307,22.090769230769236,88.76923076923077,1020.9369230769231,1.2307692307692308,0.4666666666666667,3.2,553.0466666666667,0
2025-03-15 11:00:00,0.9285714285714286,530.9285714285714,28.534285714285712,21.911428571428566,79.14285714285714,1020.7471428571429,0.7857142857142857,0.5333333333333333,4.5,569.375,0
2025-03-15 12:00:00,1.2307692307692308,540.3846153846154,28.86307692307692,21.77692307692308,74.0,1020.4030769230769,1.2307692307692308,0.4666666666666667,5.4,537.3766666666668,0
2025-03-15 13:00:00,1.0,549.0,29.334285714285723,21.705714285714286,64.85714285714286,1020.0414285714284,1.0,0.4,6.1,460.98333333333323,0
2025-03-15 14:00:00,0.8461538461538461,549.6923076923077,29.646923076923073,21.7076923076923,57.0,1019.6400000000002,0.8461538461538461,0.4,6.7,346.52833333333325,0
2025-03-15 15:00:00,1.0,532.5714285714286,29.877857142857142,21.688571428571432,55.357142857142854,1019.4057142857142,1.0,0.3333333333333333,7.2,212.4466666666667,0
2025-03-15 16:00:00,0.7692307692307693,533.4615384615385,30.049230769230768,21.651538461538458,48.84615384615385,1019.0646153846151,0.7692307692307693,0.4,7.3,73.17525423728813,0
2025-03-15 17:00:00,0.42857142857142855,521.2142857142857,30.087142857142858,21.507857142857148,50.5,1019.0442857142859,0.42857142857142855,0.4,6.7,-503.386111111111,0
2025-03-15 18:00:00,0.5384615384615384,505.0769230769231,30.069999999999997,21.26923076923077,51.46153846153846,1019.0107692307694,0.5384615384615384,0.4,5.5,-2747.9448333333335,0
2025-03-15 19:00:00,0.7142857142857143,521.8571428571429,29.961428571428574,21.152142857142856,49.357142857142854,1018.9285714285714,0.7142857142857143,0.4666666666666667,3.8,-2571.905333333333,0
2025-03-15 20:00:00,0.5384615384615384,495.6923076923077,29.740769230769224,21.19538461538461,55.46153846153846,1018.8061538461538,0.5384615384615384,0.5333333333333333,2.8,-1877.0693333333331,0
2025-03-15 21:00:00,0.7857142857142857,487.85714285714283,29.765000000000004,21.152857142857147,51.357142857142854,1018.632857142857,0.7857142857142857,0.5333333333333333,2.4,-1266.9846666666667,0
2025-03-15 22:00:00,0.6153846153846154,506.9230769230769,29.813846153846157,21.144615384615385,59.30769230769231,1018.0215384615385,0.6153846153846154,0.5333333333333333,2.3,-1483.7138333333335,0
2025-03-15 23:00:00,1.2142857142857142,492.2142857142857,29.722857142857144,21.122142857142858,56.07142857142857,1017.5171428571429,1.2142857142857142,0.5333333333333333,2.7,-1291.2046666666668,0
2025-03-16 00:00:00,0.9230769230769231,487.7692307692308,29.593846153846155,21.125384615384615,59.92307692307692,1017.129230769231,0.9230769230769231,0.5333333333333333,3.1,-1222.5196666666668,0
2025-03-16 01:00:00,1.0,481.35714285714283,29.514999999999997,21.125,57.642857142857146,1016.5185714285714,1.0,0.6,3.0,-1630.8163333333332,0
2025-03-16 02:00:00,0.6923076923076923,471.38461538461536,29.430000000000003,21.126153846153844,56.07692307692308,1015.9399999999998,0.6923076923076923,0.5333333333333333,3.2,-1897.3515000000002,0
2025-03-16 03:00:00,0.7142857142857143,481.5,29.352857142857136,21.13285714285714,56.57142857142857,1015.7157142857143,0.7142857142857143,0.6,3.4,-1162.362,0
2025-03-16 04:00:00,0.9230769230769231,477.3076923076923,29.299230769230764,21.136923076923075,52.07692307692308,1015.2830769230769,0.9230769230769231,0.5333333333333333,3.0,-1040.3178333333333,0
2025-03-16 05:00:00,1.1428571428571428,480.42857142857144,29.26642857142857,21.15142857142857,54.642857142857146,1015.1171428571428,1.1428571428571428,0.5333333333333333,3.1,2091.092857142857,0
2025-03-16 06:00:00,0.38461538461538464,467.2307692307692,29.23846153846154,21.160769230769233,54.15384615384615,1014.973846153846,0.38461538461538464,0.6,3.5,21.106756756756756,0
2025-03-16 07:00:00,0.8571428571428571,461.5,29.23714285714286,21.19,50.5,1014.7957142857141,0.42857142857142855,0.4666666666666667,3.8,33.67673076923077,0
2025-03-16 08:00:00,0.8461538461538461,453.46153846153845,29.218461538461547,21.232307692307693,56.84615384615385,1014.536923076923,0.6153846153846154,0.6,4.3,76.44766666666665,0
2025-03-16 09:00:00,0.5,455.2857142857143,29.318571428571428,21.252142857142854,54.07142857142857,1014.1642857142855,0.5,0.4666666666666667,4.7,112.31066666666666,0
2025-03-16 10:00:00,0.38461538461538464,457.61538461538464,29.47230769230769,21.259999999999998,52.0,1013.9092307692307,0.38461538461538464,0.5333333333333333,4.7,118.83483333333335,0
2025-03-16 11:00:00,0.14285714285714285,456.7142857142857,29.584285714285716,21.29357142857143,53.714285714285715,1013.9371428571428,0.14285714285714285,0.4666666666666667,5.6,114.6185,0
2025-03-16 12:00:00,0.38461538461538464,471.61538461538464,29.669230769230772,21.349230769230772,53.92307692307692,1014.0892307692309,0.38461538461538464,0.4666666666666667,6.6,401.7616666666668,0
2025-03-16 13:00:00,0.35714285714285715,454.57142857142856,29.756428571428575,21.403571428571432,55.57142857142857,1013.9828571428571,0.35714285714285715,0.5333333333333333,7.1,415.9033333333335,0
2025-03-16 14:00:00,0.0,454.46153846153845,30.018461538461533,21.46461538461538,53.07692307692308,1014.26,0.0,0.4,7.7,300.57633333333337,0
2025-03-16 15:00:00,0.35714285714285715,455.7857142857143,30.227142857142862,21.504285714285714,54.07142857142857,1015.11,0.14285714285714285,0.3333333333333333,9.1,92.64931034482758,0
2025-03-16 16:00:00,0.15384615384615385,448.53846153846155,30.290769230769232,21.36307692307692,51.07692307692308,1016.2615384615384,0.15384615384615385,0.4666666666666667,9.2,418.8922641509434,0
2025-03-16 17:00:00,0.2857142857142857,448.14285714285717,30.365,21.205000000000002,49.285714285714285,1017.5642857142858,0.2857142857142857,0.3333333333333333,7.1,-631.7791379310344,0
2025-03-16 18:00:00,0.07692307692307693,431.6923076923077,29.803076923076922,21.139230769230775,54.53846153846154,1019.2815384615385,0.0,0.4666666666666667,5.9,-2936.9093333333335,0
2025-03-16 19:00:00,0.07142857142857142,450.7857142857143,29.012857142857147,21.138571428571424,56.357142857142854,1020.7285714285714,0.0,0.4666666666666667,5.5,-3373.6789999999996,0
2025-03-16 20:00:00,0.0,445.0769230769231,28.44538461538461,21.11923076923077,55.84615384615385,1022.203076923077,0.0,0.5333333333333333,4.6,-3210.5418333333337,0
2025-03-16 21:00:00,0.0,446.7142857142857,28.12642857142857,21.104285714285716,57.0,1023.2428571428572,0.0,0.6,3.9,-3263.6050000000005,0
2025-03-16 22:00:00,0.0,437.84615384615387,28.057692307692307,21.11,58.23076923076923,1024.0476923076922,0.0,0.5333333333333333,3.4,-3226.2271666666666,0
2025-03-16 23:00:00,0.0,428.35714285714283,27.817857142857147,21.094285714285718,58.07142857142857,1024.9057142857143,0.0,0.6,3.0,-3251.1946666666668,0
2025-03-17 00:00:00,0.0,451.38461538461536,27.36307692307692,21.099999999999998,55.23076923076923,1025.9846153846154,0.0,0.6,2.8,-3051.902833333333,0
2025-03-17 01:00:00,0.0,439.5,27.246428571428574,21.085,57.285714285714285,1026.78,0.0,0.6,2.5,-3076.99,0
2025-03-17 02:00:00,0.38461538461538464,444.3076923076923,27.50615384615385,21.09307692307692,57.0,1027.3307692307694,0.38461538461538464,0.6666666666666666,1.8,-2908.6564999999996,0
2025-03-17 03:00:00,0.0,447.92857142857144,27.663571428571426,21.112142857142853,61.42857142857143,1027.8642857142856,0.0,0.6666666666666666,1.1,-2646.275,0
2025-03-17 04:00:00,0.15384615384615385,460.38461538461536,27.823076923076922,21.11384615384615,66.0,1028.4692307692308,0.15384615384615385,1.0,0.5,-2712.776833333333,0
2025-03-17 05:00:00,0.0,461.14285714285717,27.79428571428571,21.148571428571433,65.5,1028.9914285714287,0.0,0.8666666666666667,-0.4,671.9534545454546,0
2025-03-17 06:00:00,0.23076923076923078,487.3076923076923,27.443846153846152,21.380000000000003,64.46153846153847,1029.789230769231,0.23076923076923078,0.8666666666666667,-1.3,130.86999999999998,0
2025-03-17 07:00:00,0.14285714285714285,664.0,26.523571428571433,22.296428571428574,144.64285714285714,1030.31,0.0,0.7333333333333333,-1.8,279.2916666666667,0
2025-03-17 08:00:00,0.8461538461538461,1648.923076923077,30.58,23.24692307692308,555.6923076923077,1030.7184615384615,0.38461538461538464,0.2,-0.9,412.24166666666656,0
2025-03-17 09:00:00,0.21428571428571427,1302.0714285714287,25.425714285714285,22.713571428571424,389.42857142857144,1030.8742857142856,0.14285714285714285,0.8,1.3,510.9683333333335,0
2025-03-17 10:00:00,0.3076923076923077,1294.4615384615386,22.264615384615386,22.63461538461539,403.84615384615387,1030.74,0.0,0.5333333333333333,2.9,568.7833333333332,0
2025-03-17 11:00:00,0.0,605.5,16.00357142857143,21.919999999999998,211.57142857142858,1030.5957142857144,0.0,0.7333333333333333,4.1,584.3966666666666,0
2025-03-17 12:00:00,0.6153846153846154,1002.3846153846154,19.326153846153847,22.50076923076923,416.9230769230769,1030.4276923076925,0.0,0.7333333333333333,4.9,551.7833333333332,0
2025-03-17 13:00:00,0.0,693.1428571428571,16.685,22.255000000000003,366.35714285714283,1030.1471428571429,0.0,0.5333333333333333,5.6,468.2733333333334,0
2025-03-17 14:00:00,0.0,694.4615384615385,17.81,22.146923076923073,363.84615384615387,1029.8369230769233,0.0,0.4,6.1,318.485,0
2025-03-17 15:00:00,0.14285714285714285,605.9285714285714,15.645714285714286,21.657857142857143,384.0,1029.5985714285716,0.14285714285714285,0.4666666666666667,6.3,208.07333333333335,0
2025-03-17 16:00:00,0.15384615384615385,499.0,14.857692307692307,21.496923076923075,324.0769230769231,1029.083076923077,0.0,0.06666666666666667,5.9,61.119482758620684,0
2025-03-17 17:00:00,0.0,498.57142857142856,14.766428571428573,21.479285714285712,282.35714285714283,1028.7714285714285,0.0,0.13333333333333333,5.5,-106.72000000000007,0
2025-03-17 18:00:00,2.230769230769231,491.46153846153845,15.699230769230768,21.395384615384614,342.38461538461536,1028.573846153846,2.230769230769231,0.6,4.6,-2591.8018333333334,0
2025-03-17 19:00:00,2.0714285714285716,507.7142857142857,16.652857142857144,21.44571428571428,326.35714285714283,1028.3814285714286,2.0714285714285716,0.6666666666666666,3.6,-2405.1200000000003,0
2025-03-17 20:00:00,1.9230769230769231,504.0769230769231,17.66076923076923,21.27153846153846,336.7692307692308,1028.5553846153846,1.9230769230769231,0.5333333333333333,2.9,-2486.223,0
2025-03-17 21:00:00,1.8571428571428572,509.07142857142856,18.493571428571432,21.19142857142857,327.0,1028.3542857142859,1.8571428571428572,0.5333333333333333,2.2,-2579.2850000000003,0
2025-03-17 22:00:00,1.4615384615384615,497.7692307692308,19.113846153846154,21.200769230769232,316.46153846153845,1027.923076923077,1.4615384615384615,0.6,1.9,-2313.11,0
2025-03-17 23:00:00,1.5,497.85714285714283,19.694285714285712,21.142857142857142,292.2142857142857,1027.6442857142858,1.5,0.5333333333333333,1.7,-2257.3178333333335,0
2025-03-18 00:00:00,1.1538461538461537,504.61538461538464,20.173076923076923,21.136153846153846,285.9230769230769,1027.5046153846156,1.1538461538461537,0.6,1.6,-2110.855833333333,0
2025-03-18 01:00:00,0.9285714285714286,500.0,20.577142857142857,21.12642857142857,272.64285714285717,1027.212857142857,0.9285714285714286,0.5333333333333333,1.5,-1867.2688333333338,0
2025-03-18 02:00:00,1.0,509.46153846153845,20.944615384615382,21.12,260.84615384615387,1026.8246153846153,1.0,0.6,1.3,-2031.9824999999998,0
2025-03-18 03:00:00,1.5,495.7857142857143,21.250714285714285,21.137142857142855,250.92857142857142,1026.57,1.5,0.6,1.4,-2319.2705,0
2025-03-18 04:00:00,1.0,496.9230769230769,21.570769230769226,21.14923076923077,236.46153846153845,1026.3507692307692,1.0,0.8666666666666667,1.5,-1432.4516666666666,0
2025-03-18 05:00:00,0.9285714285714286,491.85714285714283,21.902857142857137,21.15642857142857,220.78571428571428,1026.2814285714287,0.9285714285714286,0.7333333333333333,1.3,1420.0328571428574,0
2025-03-18 06:00:00,0.5384615384615384,516.6153846153846,22.66846153846154,21.196153846153848,191.15384615384616,1026.430769230769,0.5384615384615384,0.8,1.1,68.36366666666666,0
2025-03-18 07:00:00,0.6428571428571429,576.5,23.955000000000002,21.260714285714283,173.57142857142858,1026.742857142857,0.42857142857142855,0.6666666666666666,1.6,126.35633333333332,0
2025-03-18 08:00:00,0.38461538461538464,1348.3846153846155,28.76923076923077,21.926153846153838,443.61538461538464,1026.846153846154,0.38461538461538464,0.6666666666666666,2.7,227.21833333333333,0
2025-03-18 09:00:00,0.7857142857142857,2594.6428571428573,33.277142857142856,22.608571428571427,675.6428571428571,1026.8114285714285,0.5,0.6666666666666666,4.0,268.2166666666667,0
2025-03-18 10:00:00,0.6153846153846154,1139.3076923076924,27.816153846153842,22.00230769230769,205.46153846153845,1026.8630769230767,0.38461538461538464,0.6666666666666666,5.0,329.40666666666664,0
2025-03-18 11:00:00,0.14285714285714285,535.3571428571429,25.33785714285714,21.785000000000004,51.642857142857146,1026.7928571428572,0.14285714285714285,0.6,5.7,463.59666666666664,0
2025-03-18 12:00:00,0.0,617.0,25.68846153846153,21.79076923076923,149.07692307692307,1026.549230769231,0.0,0.6,6.3,547.775,0
2025-03-18 13:00:00,0.0,661.5,26.18,21.73928571428571,221.5,1026.307142857143,0.0,0.6,7.0,280.4166666666667,0
2025-03-18 14:00:00,0.23076923076923078,869.0,27.071538461538463,21.903076923076924,253.6153846153846,1025.9523076923078,0.0,0.4,7.7,306.2316666666667,0
2025-03-18 15:00:00,0.0,738.0714285714286,26.346428571428564,22.029999999999998,146.64285714285714,1025.562857142857,0.0,0.4666666666666667,7.8,172.59916666666666,0
2025-03-18 16:00:00,0.0,510.9230769230769,25.576923076923077,21.874615384615385,85.84615384615384,1025.3538461538462,0.0,0.3333333333333333,7.6,62.77948275862071,0
2025-03-18 17:00:00,0.0,511.5,26.005714285714287,21.805714285714288,135.0,1025.2757142857142,0.0,0.4666666666666667,7.3,1127.9936842105265,0
2025-03-18 18:00:00,0.23076923076923078,563.3846153846154,26.563076923076924,21.632307692307695,153.0,1025.3584615384616,0.0,0.4,7.0,-1322.7524999999998,0
2025-03-18 19:00:00,0.14285714285714285,557.1428571428571,26.702857142857145,21.52642857142857,157.21428571428572,1025.2814285714285,0.14285714285714285,0.4,6.5,-1360.9666666666667,0
2025-03-18 20:00:00,0.38461538461538464,564.0,26.828461538461536,21.398461538461543,149.3846153846154,1025.0969230769228,0.38461538461538464,0.4666666666666667,6.2,-1497.0813333333333,0
2025-03-18 21:00:00,0.2857142857142857,565.6428571428571,26.950714285714287,21.32785714285714,146.21428571428572,1024.9414285714286,0.14285714285714285,0.4,6.1,-1340.3118333333334,0
2025-03-18 22:00:00,0.38461538461538464,572.4615384615385,27.02538461538461,21.292307692307688,136.46153846153845,1024.7615384615385,0.38461538461538464,0.5333333333333333,5.9,-2052.9288333333334,0
2025-03-18 23:00:00,0.0,579.4285714285714,27.147142857142857,21.205714285714286,136.14285714285714,1024.8357142857144,0.0,0.4666666666666667,5.2,-2596.8898333333336,0
2025-03-19 00:00:00,0.46153846153846156,579.6923076923077,27.20076923076923,21.163846153846155,131.30769230769232,1024.703076923077,0.46153846153846156,0.5333333333333333,4.0,-2435.735,0
2025-03-19 01:00:00,0.21428571428571427,550.8571428571429,27.202857142857145,21.144285714285708,128.28571428571428,1024.4185714285713,0.21428571428571427,0.5333333333333333,3.3,-962.2258333333334,0
2025-03-19 02:00:00,0.46153846153846156,560.6153846153846,27.190769230769238,21.141538461538463,121.53846153846153,1024.393846153846,0.46153846153846156,0.5333333333333333,2.3,-950.7001666666667,0
2025-03-19 03:00:00,0.5714285714285714,549.7142857142857,27.15071428571429,21.17142857142857,118.14285714285714,1024.3942857142858,0.42857142857142855,0.5333333333333333,2.0,-1151.5948333333333,0
2025-03-19 04:00:00,0.23076923076923078,533.6923076923077,27.136923076923075,21.17230769230769,116.92307692307692,1024.4523076923078,0.23076923076923078,0.8,2.8,-946.9921666666667,0
2025-03-19 05:00:00,1.2142857142857142,521.1428571428571,27.15642857142857,21.173571428571428,119.21428571428571,1024.5571428571427,1.0714285714285714,0.6666666666666666,3.1,1862.3672916666671,0
2025-03-19 06:00:00,0.38461538461538464,522.2307692307693,27.205384615384617,21.19076923076923,118.15384615384616,1024.8938461538464,0.15384615384615385,0.7333333333333333,3.0,46.29500000000001,0
2025-03-19 07:00:00,0.5714285714285714,811.7142857142857,29.297857142857143,21.368571428571432,158.71428571428572,1025.2900000000002,0.5714285714285714,0.7333333333333333,3.0,136.72249999999997,0
2025-03-19 08:00:00,2.1538461538461537,938.5384615384615,29.31461538461538,21.46076923076923,151.15384615384616,1025.456923076923,1.6153846153846154,0.6666666666666666,3.2,240.625,1
2025-03-19 09:00:00,2.0,486.7142857142857,25.852857142857147,20.963571428571434,50.0,1025.3614285714284,1.5714285714285714,0.6666666666666666,3.5,435.0783333333332,1
2025-03-19 10:00:00,1.1538461538461537,482.15384615384613,24.551538461538463,21.907692307692304,86.23076923076923,1025.143076923077,1.0,0.6666666666666666,4.3,573.315,1
2025-03-19 11:00:00,0.6428571428571429,485.0,23.594285714285714,22.724285714285717,132.35714285714286,1024.7814285714285,0.6428571428571429,0.6,5.5,589.25,1
2025-03-19 12:00:00,0.07692307692307693,566.3076923076923,25.017692307692307,22.40615384615385,266.7692307692308,1024.1969230769232,0.0,0.5333333333333333,6.8,558.7016666666667,0
2025-03-19 13:00:00,0.5,967.2142857142857,27.544999999999995,22.59857142857143,487.0,1023.6971428571429,0.2857142857142857,0.5333333333333333,8.1,481.91166666666663,0
2025-03-19 14:00:00,0.46153846153846156,1539.1538461538462,30.083846153846157,22.841538461538462,661.6153846153846,1023.3815384615384,0.3076923076923077,0.3333333333333333,9.1,366.5300000000001,0
2025-03-19 15:00:00,0.42857142857142855,1348.857142857143,29.58714285714286,22.748571428571427,569.7142857142857,1023.1042857142857,0.42857142857142855,0.2,9.9,226.48833333333326,0
2025-03-19 16:00:00,1.4615384615384615,804.2307692307693,27.701538461538462,22.450000000000003,392.0,1022.8061538461538,1.2307692307692308,0.06666666666666667,9.1,84.5381034482759,0
2025-03-19 17:00:00,1.4285714285714286,776.5714285714286,28.12714285714286,22.177142857142858,369.42857142857144,1022.7714285714285,1.4285714285714286,0.06666666666666667,8.7,-12.471818181818179,0
2025-03-19 18:00:00,1.4615384615384615,778.6923076923077,28.616923076923076,21.939999999999998,357.53846153846155,1022.9138461538461,1.2307692307692308,0.06666666666666667,7.8,-2539.015833333333,0
2025-03-19 19:00:00,1.5714285714285714,796.6428571428571,28.81,21.698571428571427,347.7857142857143,1023.0857142857142,1.5714285714285714,0.6,6.3,-2930.6023333333337,0
2025-03-19 20:00:00,1.8461538461538463,764.1538461538462,28.887692307692312,21.533846153846152,322.84615384615387,1023.0446153846153,1.8461538461538463,0.4666666666666667,5.4,-2855.9835000000003,0
2025-03-19 21:00:00,1.1428571428571428,742.2142857142857,28.944285714285712,21.35214285714286,306.7142857142857,1022.9557142857144,1.1428571428571428,0.4,4.7,-2732.962,0
2025-03-19 22:00:00,1.3846153846153846,732.4615384615385,29.011538461538464,21.20076923076923,290.2307692307692,1022.9446153846154,1.3846153846153846,0.4666666666666667,3.8,-2460.7850000000003,0
2025-03-19 23:00:00,1.7857142857142858,688.2142857142857,28.876428571428566,21.245,279.42857142857144,1022.6542857142858,1.7857142857142858,0.4666666666666667,2.7,-2556.8358333333335,0
2025-03-20 00:00:00,1.6153846153846154,681.5384615384615,28.885384615384616,21.158461538461538,269.0,1022.4923076923077,1.6153846153846154,0.5333333333333333,2.0,-2746.9716666666664,0
2025-03-20 01:00:00,1.6428571428571428,670.7857142857143,28.791428571428565,21.165,265.2857142857143,1022.0157142857142,1.6428571428571428,0.5333333333333333,1.2,-2749.6006666666663,0
2025-03-20 02:00:00,1.5384615384615385,664.5384615384615,28.713846153846152,21.156923076923075,257.3076923076923,1021.52,1.5384615384615385,0.5333333333333333,0.6,-2424.4188333333336,0
2025-03-20 03:00:00,2.0714285714285716,645.6428571428571,28.63857142857143,21.155,254.57142857142858,1020.9842857142858,2.0714285714285716,0.6,0.7,-2286.6661666666664,0
2025-03-20 04:00:00,2.076923076923077,649.1538461538462,28.660769230769233,21.125384615384615,251.0,1020.463076923077,2.076923076923077,0.8,0.0,-2076.4868333333334,0
2025-03-20 05:00:00,2.357142857142857,627.7142857142857,28.645,21.155,252.64285714285714,1020.2399999999999,2.357142857142857,0.7333333333333333,0.5,1257.544285714286,0
2025-03-20 06:00:00,1.6923076923076923,630.8461538461538,28.43846153846154,21.48692307692307,254.3846153846154,1020.3323076923075,1.6923076923076923,0.8,0.3,139.70833333333334,0
2025-03-20 07:00:00,3.4285714285714284,646.5714285714286,27.212142857142855,22.27642857142857,269.0,1020.2700000000001,3.4285714285714284,0.7333333333333333,0.8,292.33,0
2025-03-20 08:00:00,2.6153846153846154,1355.3076923076924,31.354615384615386,23.35076923076923,418.6923076923077,1020.1400000000001,2.5384615384615383,0.4666666666666667,3.2,375.33,0
2025-03-20 09:00:00,2.0,2256.1428571428573,35.67928571428572,23.832857142857144,500.92857142857144,1020.1514285714285,1.7857142857142858,0.4,5.4,482.3166666666665,0
2025-03-20 10:00:00,2.6153846153846154,2238.923076923077,32.76384615384615,23.719230769230766,430.0,1019.8261538461538,1.9230769230769231,0.13333333333333333,7.7,478.625,0
2025-03-20 11:00:00,7.571428571428571,584.0,21.670714285714286,22.527142857142852,132.71428571428572,1019.3828571428572,7.428571428571429,0.5333333333333333,9.8,343.35,0
2025-03-20 12:00:00,15.0,491.15384615384613,22.382307692307695,21.810769230769232,134.23076923076923,1018.8015384615385,14.846153846153847,0.4666666666666667,11.8,224.99833333333328,0
2025-03-20 13:00:00,9.428571428571429,656.2857142857143,23.750714285714285,22.16571428571428,216.71428571428572,1018.37,9.285714285714286,0.4666666666666667,13.6,345.6149999999999,0
2025-03-20 14:00:00,5.6923076923076925,798.6153846153846,25.04153846153846,22.150769230769235,266.9230769230769,1018.0323076923075,5.461538461538462,0.4,13.2,333.6333333333333,0
2025-03-20 15:00:00,5.785714285714286,653.0714285714286,25.051428571428573,22.08428571428571,135.71428571428572,1017.757142857143,5.785714285714286,0.2,13.3,187.82450000000006,0
2025-03-20 16:00:00,6.6923076923076925,495.9230769230769,24.690769230769227,21.955384615384617,60.69230769230769,1017.7676923076923,6.384615384615385,0.0,13.5,61.33145454545454,0
2025-03-20 17:00:00,9.0,477.61538461538464,24.171538461538464,21.53923076923077,56.0,1018.2538461538461,9.0,0.0,13.7,373.4228301886793,1
2025-03-20 18:00:00,6.0,503.85714285714283,23.815714285714286,21.452857142857138,83.85714285714286,1018.7042857142858,5.857142857142857,0.06666666666666667,11.8,-2104.9128333333333,1
2025-03-20 19:00:00,19.46153846153846,507.38461538461536,23.096153846153843,20.986153846153847,131.92307692307693,1018.8646153846154,19.076923076923077,0.13333333333333333,8.7,-2369.514333333333,1
2025-03-20 20:00:00,26.714285714285715,504.92857142857144,22.840714285714288,20.462857142857143,111.92857142857143,1019.1857142857142,26.714285714285715,0.4666666666666667,7.3,-2351.0823333333333,1
2025-03-20 21:00:00,26.23076923076923,509.2307692307692,21.830769230769228,19.933846153846154,104.92307692307692,1019.426153846154,26.23076923076923,0.4666666666666667,6.4,-2224.3751666666667,1
2025-03-20 22:00:00,23.785714285714285,503.35714285714283,20.907142857142862,19.969285714285714,154.57142857142858,1019.5014285714285,23.642857142857142,0.4666666666666667,6.3,-2167.3265,1
2025-03-20 23:00:00,22.46153846153846,510.0769230769231,20.726153846153846,19.900000000000002,161.69230769230768,1019.7615384615385,22.384615384615383,0.4,6.2,-2273.35,1
2025-03-21 00:00:00,20.357142857142858,511.92857142857144,20.485000000000003,19.45642857142857,135.64285714285714,1020.1742857142857,20.0,0.4666666666666667,5.3,-2066.318333333333,1
2025-03-21 01:00:00,22.307692307692307,516.5384615384615,20.558461538461536,19.15307692307692,124.15384615384616,1020.1876923076924,22.23076923076923,0.4666666666666667,4.2,-2276.6811666666667,1
2025-03-21 02:00:00,23.142857142857142,505.5,20.49571428571429,19.149285714285718,150.14285714285714,1020.2,22.928571428571427,0.4,4.2,-2279.152833333333,1
2025-03-21 03:00:00,22.076923076923077,521.5384615384615,20.774615384615384,18.973076923076924,136.92307692307693,1020.58,21.923076923076923,0.5333333333333333,3.5,-2281.1543333333334,1
2025-03-21 04:00:00,19.53846153846154,514.3076923076923,21.067692307692308,19.263076923076923,147.0,1020.9692307692308,19.153846153846153,0.6666666666666666,3.6,-2131.1,1
2025-03-21 05:00:00,18.0,502.2857142857143,21.883571428571432,19.412142857142857,150.92857142857142,1021.5085714285715,17.642857142857142,0.6,3.5,1262.1799999999996,1
2025-03-21 06:00:00,15.461538461538462,508.61538461538464,22.374615384615385,19.787692307692307,158.07692307692307,1022.003076923077,15.0,0.7333333333333333,3.2,137.7481666666667,1
2025-03-21 07:00:00,8.785714285714286,531.0714285714286,22.65642857142857,20.791428571428572,223.21428571428572,1022.5542857142858,8.5,0.5333333333333333,3.0,280.8283333333333,1
2025-03-21 08:00:00,2.923076923076923,628.6923076923077,23.263076923076923,21.836923076923078,414.0,1022.6892307692307,2.6923076923076925,0.4,3.9,411.3549999999999,0
2025-03-21 09:00:00,1.9285714285714286,1176.642857142857,26.062857142857144,22.20714285714286,714.0,1023.0714285714286,1.9285714285714286,0.4,4.9,513.9449999999999,0
2025-03-21 10:00:00,1.7692307692307692,1798.0,28.29923076923077,22.31461538461539,938.2307692307693,1023.3384615384614,1.5384615384615385,0.4666666666666667,6.3,576.5316666666665,0
2025-03-21 11:00:00,1.5714285714285714,743.0,23.175000000000004,21.94142857142857,360.14285714285717,1023.2528571428572,1.4285714285714286,0.4,8.0,592.1216666666667,0
2025-03-21 12:00:00,1.1538461538461537,646.3076923076923,22.109230769230766,21.889230769230764,317.61538461538464,1022.8984615384614,1.1538461538461537,0.4,9.7,561.9866666666668,0
2025-03-21 13:00:00,0.9230769230769231,508.53846153846155,21.840000000000007,21.616923076923072,214.69230769230768,1022.7415384615385,0.9230769230769231,0.3333333333333333,10.8,486.6766666666668,0
2025-03-21 14:00:00,0.42857142857142855,544.3571428571429,22.550714285714285,21.631428571428575,265.35714285714283,1022.5171428571429,0.42857142857142855,0.3333333333333333,10.3,375.63500000000005,0
2025-03-21 15:00:00,0.15384615384615385,596.9230769230769,23.381538461538465,21.730769230769234,351.9230769230769,1022.453846153846,0.15384615384615385,0.3333333333333333,10.7,238.41333333333333,0
2025-03-21 16:00:00,0.0,629.0,24.072142857142858,21.799285714285713,402.07142857142856,1022.7171428571429,0.0,0.3333333333333333,10.5,93.79366666666668,0
2025-03-21 17:00:00,0.15384615384615385,638.6923076923077,24.431538461538462,21.706153846153846,399.84615384615387,1022.7907692307691,0.15384615384615385,0.0,9.9,365.5114814814817,0
2025-03-21 18:00:00,0.6428571428571429,612.1428571428571,24.835714285714293,21.601428571428567,369.92857142857144,1023.2014285714287,0.6428571428571429,0.0,8.8,-2945.8391666666666,0
2025-03-21 19:00:00,0.15384615384615385,625.3846153846154,25.305384615384614,21.432307692307692,354.84615384615387,1023.2707692307691,0.0,0.06666666666666667,7.3,-2951.5609999999997,0
2025-03-21 20:00:00,0.42857142857142855,614.5714285714286,25.632857142857144,21.29642857142857,330.42857142857144,1023.3085714285713,0.42857142857142855,0.5333333333333333,6.1,-2201.921166666667,0
2025-03-21 21:00:00,1.0,589.2307692307693,25.833846153846157,21.153846153846153,308.6923076923077,1023.4061538461538,0.9230769230769231,0.4666666666666667,5.3,-2776.746833333333,0
2025-03-21 22:00:00,0.8571428571428571,567.7857142857143,26.01571428571429,21.076428571428576,285.2142857142857,1023.4142857142859,0.7857142857142857,0.5333333333333333,4.8,-2554.953833333333,0
2025-03-21 23:00:00,0.6153846153846154,569.0769230769231,26.16076923076923,20.958461538461542,271.46153846153845,1023.4999999999999,0.6153846153846154,0.4,4.4,-1979.1588333333334,0
2025-03-22 00:00:00,0.2857142857142857,557.7857142857143,26.25642857142858,20.858571428571423,253.07142857142858,1023.1899999999999,0.2857142857142857,0.4666666666666667,4.0,-1779.9444999999998,0
2025-03-22 01:00:00,0.5384615384615384,550.6153846153846,26.362307692307695,20.771538461538462,237.76923076923077,1022.530769230769,0.5384615384615384,0.4666666666666667,3.5,-2175.1725,0
2025-03-22 02:00:00,0.7857142857142857,546.7857142857143,26.46857142857143,20.677857142857142,222.71428571428572,1022.1371428571429,0.7857142857142857,0.4666666666666667,3.2,-2462.8395,0
2025-03-22 03:00:00,0.46153846153846156,517.4615384615385,26.596153846153843,20.63076923076923,213.07692307692307,1021.9769230769232,0.46153846153846156,0.4666666666666667,2.8,-2491.2625,0
2025-03-22 04:00:00,0.6923076923076923,525.4615384615385,26.72153846153846,20.60538461538461,204.23076923076923,1021.9984615384614,0.6923076923076923,0.5333333333333333,2.6,-1991.0333333333333,0
2025-03-22 05:00:00,1.0,520.4285714285714,26.833571428571435,20.594285714285714,191.35714285714286,1021.9100000000001,1.0,0.4666666666666667,2.5,1290.9740384615386,0
2025-03-22 06:00:00,1.3076923076923077,537.5384615384615,26.76307692307692,20.97846153846154,181.69230769230768,1022.0661538461537,1.3076923076923077,0.4666666666666667,2.4,139.7516666666667,0
2025-03-22 07:00:00,1.3571428571428572,497.64285714285717,26.355,21.83428571428571,200.35714285714286,1022.2585714285714,1.3571428571428572,0.5333333333333333,2.5,289.58166666666665,0
2025-03-22 08:00:00,1.5384615384615385,511.7692307692308,25.873076923076926,22.167692307692313,219.07692307692307,1022.2553846153846,1.5384615384615385,0.4,3.3,425.225,0
2025-03-22 09:00:00,1.3571428571428572,495.07142857142856,25.962142857142858,22.064285714285717,215.0,1022.1614285714285,1.3571428571428572,0.3333333333333333,4.6,527.7016666666667,0
2025-03-22 10:00:00,1.7692307692307692,474.38461538461536,26.171538461538464,21.85538461538462,194.07692307692307,1021.8353846153847,1.7692307692307692,0.4,6.2,585.505,0
2025-03-22 11:00:00,2.4285714285714284,472.2142857142857,26.345714285714283,21.70357142857143,176.35714285714286,1021.3185714285715,2.4285714285714284,0.3333333333333333,7.6,597.655,0
2025-03-22 12:00:00,2.3076923076923075,468.84615384615387,26.493076923076924,21.63153846153846,169.84615384615384,1020.9092307692307,2.1538461538461537,0.3333333333333333,8.9,565.1783333333332,0
2025-03-22 13:00:00,2.0714285714285716,457.92857142857144,26.742142857142856,21.622142857142855,166.0,1020.3057142857142,2.0714285714285716,0.3333333333333333,9.7,482.7816666666667,0
2025-03-22 14:00:00,1.6923076923076923,473.46153846153845,26.965384615384615,21.626153846153848,162.15384615384616,1019.5246153846155,1.6923076923076923,0.3333333333333333,10.1,368.7383333333331,0
2025-03-22 15:00:00,2.4285714285714284,471.92857142857144,27.142857142857142,21.615000000000006,162.28571428571428,1018.7385714285714,2.2857142857142856,0.26666666666666666,10.2,230.59999999999994,0
2025-03-22 16:00:00,2.6923076923076925,458.6923076923077,27.199230769230766,21.577692307692306,160.30769230769232,1017.9953846153845,2.6923076923076925,0.26666666666666666,9.9,88.84416666666668,0
2025-03-22 17:00:00,3.2142857142857144,467.2142857142857,27.104999999999997,21.455000000000005,150.35714285714286,1017.8671428571428,3.0714285714285716,0.26666666666666666,9.5,648.0846296296295,0
2025-03-22 18:00:00,4.230769230769231,471.53846153846155,27.026923076923083,21.232307692307696,146.3846153846154,1017.946153846154,3.5384615384615383,0.26666666666666666,8.8,-2595.5756666666666,0
2025-03-22 19:00:00,3.0714285714285716,465.14285714285717,27.127857142857142,21.109285714285715,138.35714285714286,1017.5214285714286,2.9285714285714284,0.3333333333333333,7.6,-2558.9708333333333,0
2025-03-22 20:00:00,3.0,467.2307692307692,27.281538461538467,20.986153846153847,131.53846153846155,1016.8753846153847,2.8461538461538463,0.4666666666666667,6.7,-1748.9541666666667,0
2025-03-22 21:00:00,3.4285714285714284,458.64285714285717,27.419285714285714,20.878571428571426,125.14285714285714,1016.1514285714286,3.4285714285714284,0.3333333333333333,6.2,-2080.8553333333334,0
2025-03-22 22:00:00,3.769230769230769,469.9230769230769,27.54692307692308,20.817692307692308,125.0,1015.5846153846153,3.6153846153846154,0.4,6.0,-1878.1863333333336,0
2025-03-22 23:00:00,3.9285714285714284,463.85714285714283,27.633571428571425,20.76214285714286,116.21428571428571,1015.0557142857144,3.642857142857143,0.4,5.7,-1862.0031666666666,0
2025-03-23 00:00:00,4.076923076923077,461.0,27.680000000000003,20.72692307692307,118.46153846153847,1014.4446153846153,3.6923076923076925,0.4,5.5,-2695.386,0
2025-03-23 01:00:00,3.857142857142857,462.35714285714283,27.715714285714284,20.687142857142856,111.71428571428571,1013.9271428571428,3.857142857142857,0.4,5.4,-2737.347,0
2025-03-23 02:00:00,4.615384615384615,453.9230769230769,27.772307692307688,20.638461538461538,112.23076923076923,1013.5615384615386,4.615384615384615,0.4666666666666667,5.5,-2602.1058333333335,0
2025-03-23 03:00:00,5.214285714285714,462.2142857142857,27.836428571428574,20.610714285714288,108.64285714285714,1013.4014285714285,4.857142857142857,0.4,5.5,-2705.494,0
2025-03-23 04:00:00,4.6923076923076925,459.84615384615387,27.915384615384614,20.583846153846153,100.0,1013.3738461538461,4.538461538461538,0.4,5.5,-1638.3878333333334,0
2025-03-23 05:00:00,5.642857142857143,463.57142857142856,27.982857142857142,20.565714285714282,101.0,1013.2328571428571,5.5,0.4666666666666667,5.5,2475.1214583333335,0
2025-03-23 06:00:00,5.3076923076923075,451.15384615384613,27.949230769230766,20.693076923076923,98.84615384615384,1013.0369230769231,5.3076923076923075,0.4666666666666667,5.4,117.24033333333333,0
2025-03-23 07:00:00,6.142857142857143,455.57142857142856,27.647857142857145,21.31357142857143,103.85714285714286,1013.0185714285715,6.0,0.4,5.3,268.71333333333337,0
2025-03-23 08:00:00,4.846153846153846,459.46153846153845,27.319999999999997,21.70846153846153,111.46153846153847,1012.8199999999998,4.846153846153846,0.4,5.8,401.47166666666675,0
2025-03-23 09:00:00,4.642857142857143,463.35714285714283,27.23714285714286,21.688571428571432,109.64285714285714,1012.5914285714287,4.642857142857143,0.3333333333333333,6.6,491.5883333333335,0
2025-03-23 10:00:00,5.153846153846154,455.84615384615387,27.340769230769226,21.610769230769236,105.07692307692308,1012.6400000000002,5.0,0.4,7.5,550.5333333333333,0
2025-03-23 11:00:00,4.857142857142857,453.92857142857144,27.449285714285715,21.552857142857142,103.21428571428571,1012.2100000000002,4.857142857142857,0.3333333333333333,8.3,567.045,0
2025-03-23 12:00:00,5.6923076923076925,453.7692307692308,27.616153846153843,21.513846153846153,102.92307692307692,1011.8046153846154,5.6923076923076925,0.3333333333333333,9.0,538.8783333333332,0
2025-03-23 13:00:00,5.785714285714286,465.7142857142857,27.994285714285716,21.525000000000002,105.85714285714286,1011.3557142857142,5.785714285714286,0.3333333333333333,9.6,466.0050000000001,0
2025-03-23 14:00:00,6.3076923076923075,471.6923076923077,28.274615384615384,21.537692307692303,107.6923076923077,1011.0661538461538,6.076923076923077,0.3333333333333333,10.0,360.405,0
2025-03-23 15:00:00,5.357142857142857,472.92857142857144,28.46857142857143,21.514999999999997,109.35714285714286,1010.9414285714286,5.357142857142857,0.26666666666666666,10.1,225.51999999999998,0
2025-03-23 16:00:00,5.230769230769231,478.15384615384613,28.576923076923073,21.425384615384612,106.15384615384616,1011.1830769230767,5.153846153846154,0.2,10.0,88.92399999999999,0
2025-03-23 17:00:00,5.214285714285714,462.5,28.573571428571427,21.27571428571429,96.64285714285714,1011.4871428571429,5.0,0.3333333333333333,9.5,231.37687500000007,0
2025-03-23 18:00:00,5.6923076923076925,474.0,28.569999999999993,21.115384615384617,92.07692307692308,1011.7030769230768,5.6923076923076925,0.3333333333333333,8.6,-2735.728,0
2025-03-23 19:00:00,6.0,465.2857142857143,28.57928571428571,20.982142857142858,83.64285714285714,1011.7128571428569,6.0,0.3333333333333333,7.7,-2358.815666666667,0
2025-03-23 20:00:00,4.769230769230769,465.53846153846155,28.625384615384615,20.856923076923074,77.46153846153847,1011.5861538461539,4.538461538461538,0.4666666666666667,7.0,-2341.228666666667,0
2025-03-23 21:00:00,5.285714285714286,464.57142857142856,28.706428571428575,20.75428571428571,74.21428571428571,1011.5071428571429,5.285714285714286,0.4,6.4,-2553.3151666666663,0
2025-03-23 22:00:00,5.0,468.53846153846155,28.76615384615385,20.66846153846154,73.0,1011.2830769230769,5.0,0.4,5.9,-2461.5065,0
2025-03-23 23:00:00,5.571428571428571,455.85714285714283,28.81142857142857,20.613571428571426,69.92857142857143,1010.9285714285713,5.071428571428571,0.4666666666666667,5.3,-2226.822333333333,0
2025-03-24 00:00:00,5.769230769230769,453.61538461538464,28.84538461538462,20.595384615384617,71.15384615384616,1010.6815384615385,5.769230769230769,0.4,4.7,-2421.9863333333333,0
2025-03-24 01:00:00,5.0,460.64285714285717,28.920714285714286,20.55857142857143,71.0,1010.4414285714286,4.857142857142857,0.4,4.2,-2197.5495,0
2025-03-24 02:00:00,5.6923076923076925,463.38461538461536,28.96153846153846,20.532307692307693,69.92307692307692,1010.2738461538461,5.461538461538462,0.5333333333333333,3.7,-1754.4088333333334,0
2025-03-24 03:00:00,4.428571428571429,457.7142857142857,28.99857142857142,20.507142857142856,69.0,1010.0842857142856,4.428571428571429,0.4666666666666667,3.2,-1667.8196666666668,0
2025-03-24 04:00:00,4.923076923076923,457.84615384615387,29.036923076923078,20.49153846153846,68.23076923076923,1010.2569230769229,4.384615384615385,0.4666666666666667,2.8,-1102.4486666666667,0
2025-03-24 05:00:00,4.571428571428571,456.35714285714283,29.12357142857143,20.51571428571429,72.0,1010.5385714285713,4.571428571428571,0.8,2.5,1904.8820754716985,0
2025-03-24 06:00:00,4.923076923076923,474.2307692307692,29.26692307692307,20.62,61.23076923076923,1010.816923076923,4.923076923076923,0.5333333333333333,2.1,150.1538333333333,0
2025-03-24 07:00:00,5.142857142857143,533.8571428571429,29.376428571428566,20.866428571428575,53.07142857142857,1011.1457142857143,5.142857142857143,0.5333333333333333,2.0,161.58666666666664,0
2025-03-24 08:00:00,5.384615384615385,620.3846153846154,29.499999999999996,21.35307692307692,89.76923076923077,1011.3046153846153,5.384615384615385,0.5333333333333333,2.8,232.55000000000004,0
2025-03-24 09:00:00,6.214285714285714,1248.7857142857142,32.81499999999999,21.891428571428573,230.85714285714286,1011.627142857143,6.071428571428571,0.4666666666666667,4.5,465.94999999999993,0
2025-03-24 10:00:00,6.230769230769231,1808.5384615384614,34.84307692307693,22.127692307692314,368.9230769230769,1011.6769230769231,5.153846153846154,0.5333333333333333,6.0,548.2850000000001,0
2025-03-24 11:00:00,5.357142857142857,605.2857142857143,28.640714285714292,21.627857142857145,51.785714285714285,1011.745714285714,5.0,0.4,7.2,563.4466666666666,0
2025-03-24 12:00:00,4.769230769230769,536.1538461538462,27.356923076923085,21.606153846153845,67.38461538461539,1012.0384615384615,4.461538461538462,0.4666666666666667,8.4,521.3166666666665,0
2025-03-24 13:00:00,5.0,618.2142857142857,27.46,21.63,138.14285714285714,1012.3642857142858,5.0,0.4666666666666667,9.5,441.02500000000003,0
2025-03-24 14:00:00,3.769230769230769,1163.1538461538462,30.177692307692304,22.076153846153847,429.9230769230769,1012.336923076923,3.769230769230769,0.3333333333333333,10.2,307.72166666666664,0
2025-03-24 15:00:00,4.0,1922.9285714285713,33.059999999999995,22.472857142857144,702.3571428571429,1012.4214285714287,4.0,0.26666666666666666,10.7,210.89999999999998,0
2025-03-24 16:00:00,6.615384615384615,639.0,27.335384615384616,21.92076923076923,142.84615384615384,1012.5261538461539,6.384615384615385,0.3333333333333333,10.9,74.61549999999997,0
2025-03-24 17:00:00,6.142857142857143,512.1428571428571,26.513571428571428,21.532857142857143,56.142857142857146,1012.75,6.142857142857143,0.0,10.6,112.92907407407404,0
2025-03-24 18:00:00,7.230769230769231,494.0,27.203846153846158,21.244615384615386,52.07692307692308,1012.9184615384618,7.230769230769231,0.0,9.6,-2777.496,0
2025-03-24 19:00:00,8.642857142857142,473.2857142857143,27.875714285714285,21.107142857142854,75.42857142857143,1012.9957142857146,8.428571428571429,0.06666666666666667,7.6,-2496.0771666666665,0
2025-03-24 20:00:00,6.6923076923076925,498.46153846153845,27.93846153846154,21.156153846153845,158.46153846153845,1013.3430769230769,6.6923076923076925,0.6,5.8,-2793.9170000000004,0
2025-03-24 21:00:00,6.428571428571429,504.0,27.99,21.15285714285714,208.28571428571428,1013.4771428571429,6.428571428571429,0.4,4.9,-2702.768666666666,0
2025-03-24 22:00:00,5.615384615384615,493.84615384615387,28.070769230769233,21.13615384615385,226.3846153846154,1013.2492307692306,5.615384615384615,0.4,4.3,-2454.3703333333333,0
2025-03-24 23:00:00,6.357142857142857,493.7142857142857,28.16071428571428,21.120714285714286,233.64285714285714,1013.0657142857142,6.357142857142857,0.4,3.9,-2677.326666666667,0
2025-03-25 00:00:00,5.3076923076923075,489.38461538461536,28.25153846153846,21.097692307692306,238.6153846153846,1012.886153846154,5.3076923076923075,0.4666666666666667,3.6,-2637.728,0
2025-03-25 01:00:00,6.428571428571429,488.2142857142857,28.351428571428567,21.071428571428573,242.28571428571428,1012.5457142857142,6.428571428571429,0.3333333333333333,3.6,-2500.9446666666668,0
2025-03-25 02:00:00,5.538461538461538,493.7692307692308,28.456923076923076,21.02384615384615,242.6153846153846,1012.1230769230768,5.538461538461538,0.5333333333333333,3.7,-2544.6593333333335,0
2025-03-25 03:00:00,6.285714285714286,480.35714285714283,28.544999999999998,20.989285714285717,239.57142857142858,1011.9257142857143,6.142857142857143,0.4666666666666667,3.9,-2050.3408333333336,0
2025-03-25 04:00:00,5.769230769230769,488.38461538461536,28.61307692307692,21.003846153846155,233.46153846153845,1011.78,5.769230769230769,0.4666666666666667,4.0,-1211.2486666666666,0
2025-03-25 05:00:00,5.785714285714286,505.92857142857144,28.717142857142854,21.021428571428572,247.28571428571428,1011.7300000000002,5.785714285714286,0.8,4.2,3929.5094,0
2025-03-25 06:00:00,7.153846153846154,510.6923076923077,28.976153846153846,21.032307692307693,232.6153846153846,1011.8523076923077,7.153846153846154,0.6666666666666666,4.5,61.294833333333344,0
2025-03-25 07:00:00,7.785714285714286,567.2857142857143,29.557857142857138,21.176428571428573,208.57142857142858,1012.2214285714286,7.214285714285714,0.7333333333333333,4.8,87.47649999999999,0
2025-03-25 08:00:00,8.0,906.6153846153846,31.883846153846154,21.47076923076923,295.46153846153845,1012.4138461538462,7.846153846153846,0.6666666666666666,5.2,145.81399999999996,0
2025-03-25 09:00:00,9.285714285714286,1476.857142857143,36.12285714285714,22.086428571428574,406.42857142857144,1012.452857142857,9.0,0.5333333333333333,5.7,256.5233333333335,0
2025-03-25 10:00:00,8.076923076923077,1433.1538461538462,34.81307692307693,22.319999999999997,408.38461538461536,1012.26,8.0,0.4665370730666667,6.3,204.78166666666667,0
2025-03-25 11:00:00,5.214285714285714,576.7857142857143,32.15857142857143,21.897142857142853,95.35714285714286,1012.14,5.0,0.6001295936,6.9,173.47666666666666,0
2025-03-25 12:00:00,3.6153846153846154,566.6923076923077,32.90615384615385,21.98692307692308,123.07692307692308,1011.9307692307691,3.6153846153846154,0.4666666666666667,7.4,169.7033333333333,0
2025-03-25 13:00:00,4.071428571428571,685.2142857142857,33.239285714285714,22.062857142857144,194.5,1011.5142857142857,3.7857142857142856,0.26666666666666666,7.8,125.90166666666667,0
2025-03-25 14:00:00,4.3076923076923075,677.6153846153846,33.78,21.960769230769237,169.23076923076923,1011.1800000000003,3.923076923076923,0.4,8.2,101.66933333333333,0
2025-03-25 15:00:00,3.0,688.9285714285714,34.33714285714286,21.845714285714283,155.64285714285714,1010.9314285714285,3.0,0.4,8.3,59.67033333333335,0
2025-03-25 16:00:00,1.5384615384615385,566.6923076923077,36.053076923076915,21.533076923076923,68.76923076923077,1010.7892307692307,1.5384615384615385,0.26666666666666666,8.3,40.24384615384614,0
2025-03-25 17:00:00,1.6428571428571428,511.92857142857144,36.87642857142857,21.35214285714286,48.785714285714285,1010.8000000000001,1.6428571428571428,0.06666666666666667,8.1,1791.8382352941176,0
2025-03-25 18:00:00,1.6923076923076923,492.38461538461536,37.23230769230769,21.235384615384614,48.46153846153846,1010.8292307692307,1.6923076923076923,0.0,7.8,-1178.3671666666667,0
2025-03-25 19:00:00,1.4285714285714286,494.57142857142856,37.410714285714285,21.177142857142854,61.42857142857143,1011.1942857142858,1.4285714285714286,0.13333333333333333,7.5,-1274.9306666666666,0
2025-03-25 20:00:00,0.5384615384615384,482.53846153846155,36.683076923076925,21.25769230769231,174.15384615384616,1011.5,0.5384615384615384,0.2,7.3,-1789.255,0
2025-03-25 21:00:00,1.0,506.46153846153845,36.08,21.29692307692308,252.30769230769232,1011.5923076923076,1.0,0.4,7.2,-1782.6225000000002,0
2025-03-25 22:00:00,0.6428571428571429,496.7142857142857,35.62714285714286,21.326428571428572,295.07142857142856,1011.592857142857,0.6428571428571429,0.5333333333333333,7.1,-1998.7843333333333,0
2025-03-25 23:00:00,0.6153846153846154,493.0,35.28846153846154,21.316153846153846,299.46153846153845,1011.526153846154,0.6153846153846154,0.4,7.0,-1341.136,0
2025-03-26 00:00:00,0.5,499.0,35.004285714285714,21.31142857142857,315.07142857142856,1011.6028571428571,0.5,0.3333333333333333,6.9,-1264.2781666666667,0
2025-03-26 01:00:00,0.38461538461538464,500.2307692307692,34.76538461538462,21.286153846153848,321.53846153846155,1011.5646153846154,0.38461538461538464,0.4,6.8,-1268.4741666666669,0
2025-03-26 02:00:00,0.5,484.35714285714283,34.56214285714286,21.255714285714284,318.85714285714283,1011.7828571428572,0.35714285714285715,0.4,6.6,-1340.2936666666667,0
2025-03-26 03:00:00,0.8461538461538461,498.46153846153845,34.37615384615385,21.23692307692308,318.0,1011.9923076923078,0.8461538461538461,0.3333333333333333,6.4,-1396.6601666666663,0
2025-03-26 04:00:00,0.5714285714285714,470.64285714285717,34.21785714285714,21.229285714285716,319.2857142857143,1012.3771428571426,0.5714285714285714,0.4666666666666667,6.1,-782.4533333333333,0
2025-03-26 05:00:00,0.7692307692307693,496.9230769230769,34.09461538461538,21.22923076923077,322.2307692307692,1012.7523076923079,0.7692307692307693,0.6666666666666666,5.7,2389.9269230769232,0
2025-03-26 06:00:00,0.6428571428571429,494.07142857142856,33.85785714285715,21.514999999999997,303.2857142857143,1013.1657142857142,0.6428571428571429,0.4666666666666667,5.4,130.46399999999997,0
2025-03-26 07:00:00,0.8461538461538461,533.6153846153846,33.37461538461538,22.179230769230763,303.15384615384613,1013.6876923076924,0.5384615384615384,0.6666666666666666,5.4,296.73333333333323,0
2025-03-26 08:00:00,0.9285714285714286,987.8571428571429,35.15285714285714,22.944285714285716,429.42857142857144,1014.0557142857143,0.7142857142857143,0.4666666666666667,6.0,378.80500000000006,0
2025-03-26 09:00:00,0.6153846153846154,1553.7692307692307,37.38,23.376153846153844,547.4615384615385,1014.9676923076925,0.6153846153846154,0.3333333333333333,6.9,483.37166666666656,0
2025-03-26 10:00:00,0.7142857142857143,1017.8571428571429,34.46642857142858,23.171428571428574,438.92857142857144,1015.5314285714285,0.7142857142857143,0.3333333333333333,8.0,573.4533333333333,0
2025-03-26 11:00:00,0.23076923076923078,623.3076923076923,30.222307692307695,22.641538461538463,228.46153846153845,1015.7646153846156,0.23076923076923078,0.5333333333333333,8.9,603.365,0
2025-03-26 12:00:00,1.2142857142857142,606.0714285714286,29.675,22.544285714285714,250.35714285714286,1015.9842857142859,1.0714285714285714,0.5333333333333333,9.6,572.5266666666668,0
2025-03-26 13:00:00,0.9230769230769231,680.5384615384615,30.098461538461535,22.61692307692308,350.6923076923077,1016.2276923076922,0.9230769230769231,0.4,10.1,454.67833333333346,0
2025-03-26 14:00:00,1.7857142857142858,993.5714285714286,31.389285714285712,22.76928571428572,460.42857142857144,1016.6542857142856,1.4285714285714286,0.3333333333333333,10.5,379.44499999999994,0
2025-03-26 15:00:00,1.3076923076923077,1793.4615384615386,35.10846153846153,23.116153846153846,739.2307692307693,1016.823076923077,0.6923076923076923,0.3333333333333333,10.7,261.68833333333333,0
2025-03-26 16:00:00,0.5,1104.7142857142858,31.274285714285714,22.993571428571432,559.0,1017.0128571428573,0.2857142857142857,0.3333333333333333,10.7,99.8683333333333,0
2025-03-26 17:00:00,0.15384615384615385,773.7692307692307,29.191538461538457,22.70923076923077,442.15384615384613,1017.5723076923076,0.15384615384615385,0.0,10.2,839.7941509433964,0
2025-03-26 18:00:00,0.2857142857142857,567.0,25.932857142857138,22.054285714285715,237.78571428571428,1018.0585714285717,0.0,0.0,9.2,-2815.6171666666664,0
2025-03-26 19:00:00,1.6923076923076923,514.6153846153846,24.92,21.733076923076922,131.84615384615384,1018.1400000000001,1.6923076923076923,0.06666666666666667,7.8,-2579.8691666666664,0
2025-03-26 20:00:00,1.6428571428571428,521.8571428571429,25.435000000000002,21.59642857142857,116.42857142857143,1018.2271428571428,1.6428571428571428,0.26666666666666666,6.5,-2241.422,0
2025-03-26 21:00:00,1.8461538461538463,534.3846153846154,25.70384615384615,21.422307692307697,108.23076923076923,1018.5138461538463,1.8461538461538463,0.5333333333333333,5.6,-2409.994833333333,0
2025-03-26 22:00:00,2.857142857142857,531.0714285714286,25.601428571428567,21.327857142857145,130.92857142857142,1018.4657142857142,2.857142857142857,0.4,5.2,-2366.068,0
2025-03-26 23:00:00,2.923076923076923,526.0,26.04923076923077,21.413846153846155,237.84615384615384,1018.6615384615386,2.923076923076923,0.4666666666666667,4.9,-2417.000666666667,0
2025-03-27 00:00:00,2.7142857142857144,532.2857142857143,26.39714285714286,21.448571428571427,295.85714285714283,1018.4928571428571,2.7142857142857144,0.4,4.7,-2217.5049999999997,0
2025-03-27 01:00:00,3.0,531.0769230769231,26.724615384615383,21.432307692307692,319.3076923076923,1018.1784615384616,3.0,0.4,4.5,-2222.2410000000004,0
2025-03-27 02:00:00,2.2142857142857144,530.6428571428571,27.025000000000002,21.388571428571428,325.07142857142856,1017.937142857143,2.0714285714285716,0.4666666666666667,4.5,-1777.9646666666665,0
2025-03-27 03:00:00,2.1538461538461537,528.6153846153846,27.275384615384617,21.38615384615385,331.9230769230769,1017.6692307692307,2.0,0.4666666666666667,4.8,-747.1313333333334,0
2025-03-27 04:00:00,1.5714285714285714,519.6428571428571,27.470714285714287,21.40357142857143,337.85714285714283,1017.36,1.4285714285714286,0.4,5.2,-506.8161666666667,0
2025-03-27 05:00:00,1.4615384615384615,518.8461538461538,27.67307692307692,21.426923076923075,334.38461538461536,1017.1584615384617,1.4615384615384615,0.7333333333333333,5.5,1043.7188636363642,0
2025-03-27 06:00:00,1.5714285714285714,542.1428571428571,28.239285714285717,21.446428571428573,306.07142857142856,1017.1414285714285,1.5714285714285714,0.4666666666666667,5.9,47.83000000000003,0
2025-03-27 07:00:00,1.0,559.6153846153846,29.537692307692314,21.548461538461538,269.9230769230769,1016.9707692307693,0.7692307692307693,0.6,6.2,90.40833333333333,0
2025-03-27 08:00:00,0.7857142857142857,674.7857142857143,30.869285714285706,21.645000000000003,299.85714285714283,1017.0742857142857,0.6428571428571429,0.4666666666666667,6.6,120.39066666666665,0
2025-03-27 09:00:00,1.3846153846153846,1749.076923076923,36.03846153846154,22.563846153846157,660.7692307692307,1016.66,1.0,0.4666666666666667,7.1,316.2450000000001,0
2025-03-27 10:00:00,1.7857142857142858,1439.142857142857,34.98571428571429,23.032857142857146,550.8571428571429,1016.0,1.4285714285714286,0.3333333333333333,7.7,422.7300000000002,0
2025-03-27 11:00:00,2.4615384615384617,863.3076923076923,32.33615384615385,22.723846153846157,227.92307692307693,1015.5861538461538,2.3076923076923075,0.4666666666666667,8.4,356.1433333333333,0
2025-03-27 12:00:00,1.4285714285714286,577.7857142857143,31.15642857142857,22.775714285714287,184.71428571428572,1015.3257142857143,1.4285714285714286,0.3333333333333333,9.1,272.6533333333333,0
2025-03-27 13:00:00,1.2307692307692308,657.8461538461538,30.476923076923075,23.700000000000003,286.6923076923077,1015.0676923076924,1.0,0.26666666666666666,9.7,222.563275862069,0
2025-03-27 14:00:00,0.9285714285714286,796.1428571428571,30.431428571428576,23.917857142857144,347.07142857142856,1014.6928571428573,0.9285714285714286,0.5333333333333333,10.1,-389.6525423728813,0
2025-03-27 15:00:00,1.4615384615384615,672.0,29.944615384615382,23.334615384615383,167.6153846153846,1014.2353846153845,1.4615384615384615,0.3333333333333333,10.3,854.8630909090909,0
2025-03-27 16:00:00,1.2857142857142858,514.2857142857143,30.00142857142857,22.774285714285718,49.57142857142857,1014.1142857142859,1.2857142857142858,0.26666666666666666,10.2,-191.0413333333333,0
2025-03-27 17:00:00,1.5384615384615385,509.0,31.10692307692308,22.39923076923077,50.15384615384615,1014.2092307692308,1.5384615384615385,0.13333333333333333,9.9,-1656.4623333333334,0
2025-03-27 18:00:00,1.2142857142857142,505.5,31.140714285714292,22.145000000000003,61.785714285714285,1014.2128571428572,1.0714285714285714,0.0,9.4,-4321.1465,0
2025-03-27 19:00:00,1.0,503.6923076923077,31.090000000000007,22.080769230769228,149.53846153846155,1014.2446153846154,1.0,0.0,8.5,-4748.7845,0
2025-03-27 20:00:00,0.8571428571428571,494.14285714285717,31.062857142857144,22.042857142857144,252.28571428571428,1014.2357142857144,0.8571428571428571,0.13333333333333333,7.6,-16.03866666666666,0
2025-03-27 21:00:00,0.8461538461538461,502.46153846153845,31.128461538461536,21.970000000000002,287.6923076923077,1013.8569230769231,0.8461538461538461,0.4666666666666667,7.2,-22.764166666666668,0
2025-03-27 22:00:00,0.6428571428571429,505.5,31.15857142857143,21.875714285714288,304.42857142857144,1013.5499999999998,0.6428571428571429,0.4,7.0,-32.39683333333333,0
2025-03-27 23:00:00,1.0,503.53846153846155,31.208461538461542,21.812307692307687,312.2307692307692,1013.0399999999998,1.0,0.3333333333333333,6.8,-36.746833333333335,0
2025-03-28 00:00:00,0.9285714285714286,513.3571428571429,31.28142857142858,21.736428571428572,313.35714285714283,1012.4799999999998,0.9285714285714286,0.4,6.6,-38.24716666666667,0
2025-03-28 01:00:00,0.6923076923076923,502.46153846153845,31.334615384615386,21.664615384615384,316.9230769230769,1012.2846153846153,0.6923076923076923,0.3333333333333333,6.5,-46.695499999999996,0
2025-03-28 02:00:00,0.7857142857142857,497.92857142857144,31.389999999999997,21.632857142857144,307.64285714285717,1011.7628571428571,0.7857142857142857,0.4,6.3,-45.71066666666666,0
2025-03-28 03:00:00,1.2307692307692308,506.46153846153845,31.421538461538464,21.601538461538457,305.46153846153845,1011.3092307692308,1.2307692307692308,0.3333333333333333,6.1,-40.34666666666667,0
2025-03-28 04:00:00,1.0714285714285714,509.2142857142857,31.458571428571428,21.575,307.35714285714283,1011.01,1.0714285714285714,0.4,6.0,-39.509166666666665,0
2025-03-28 05:00:00,1.5384615384615385,482.9230769230769,31.448461538461537,21.601538461538457,305.0,1010.9938461538463,1.5384615384615385,0.6666666666666666,5.9,-30.47883333333333,0
2025-03-28 06:00:00,1.2142857142857142,509.2142857142857,31.060000000000002,22.215714285714288,309.42857142857144,1011.0657142857142,1.2142857142857142,0.5333333333333333,5.8,-1660.7363333333335,0
2025-03-28 07:00:00,1.4615384615384615,557.3076923076923,30.44846153846154,23.14692307692308,334.46153846153845,1010.9323076923077,1.2307692307692308,0.6,5.9,-1585.8795,0
2025-03-28 08:00:00,1.5714285714285714,617.5714285714286,30.02214285714286,23.702857142857145,370.42857142857144,1010.5685714285715,1.1428571428571428,0.3333333333333333,6.9,-4582.2185,0
2025-03-28 09:00:00,2.1538461538461537,801.6153846153846,30.664615384615388,23.800769230769234,425.7692307692308,1010.3153846153848,2.1538461538461537,0.4,8.3,-2556.0575000000003,0
2025-03-28 10:00:00,1.9285714285714286,846.5,30.726428571428567,23.625714285714285,412.57142857142856,1010.01,1.5,0.4,9.6,-1958.6908333333336,0
2025-03-28 11:00:00,3.0,575.8461538461538,29.26615384615385,23.173076923076923,170.0,1009.5430769230769,3.0,0.5333333333333333,10.5,-972.0866666666666,0
2025-03-28 12:00:00,2.2142857142857144,652.2142857142857,29.671428571428578,23.153571428571432,221.85714285714286,1009.102857142857,2.0714285714285716,0.3333333333333333,11.1,-261.25898305084746,0
2025-03-28 13:00:00,2.769230769230769,704.5384615384615,30.544615384615383,23.21076923076923,309.84615384615387,1008.8200000000002,2.769230769230769,0.3333333333333333,11.5,-221.73169491525425,0
2025-03-28 14:00:00,4.142857142857143,681.0714285714286,30.719999999999995,23.172142857142855,310.2142857142857,1008.3657142857143,3.857142857142857,0.3333333333333333,11.5,18.684827586206886,0
2025-03-28 15:00:00,3.6923076923076925,645.2307692307693,30.576923076923077,23.10846153846154,278.38461538461536,1008.053846153846,3.4615384615384617,0.2,11.2,1260.8120338983051,0
2025-03-28 16:00:00,3.642857142857143,619.9285714285714,30.767857142857146,23.085000000000004,293.14285714285717,1007.7899999999998,3.5,0.2,10.8,-7.1744642857142855,0
2025-03-28 17:00:00,3.5384615384615383,601.3076923076923,31.092307692307696,22.934615384615388,316.0,1007.7676923076923,3.3076923076923075,0.06666666666666667,10.3,76.81033333333335,0
2025-03-28 18:00:00,4.428571428571429,627.5,31.455000000000002,22.729999999999997,324.7857142857143,1008.2099999999998,4.0,0.0,9.4,63.47,0
2025-03-28 19:00:00,4.615384615384615,620.1538461538462,31.803846153846152,22.552307692307693,314.38461538461536,1008.4753846153847,4.461538461538462,0.0,8.5,65.20366666666666,0
2025-03-28 20:00:00,3.7857142857142856,623.0714285714286,31.83571428571428,22.381428571428575,301.2142857142857,1008.4828571428569,3.7857142857142856,0.06666666666666667,7.7,59.17433333333335,0
2025-03-28 21:00:00,3.3846153846153846,584.2307692307693,31.787692307692307,22.194615384615382,288.61538461538464,1008.3215384615385,3.3846153846153846,0.4,7.2,63.00366666666667,0
2025-03-28 22:00:00,4.142857142857143,580.9285714285714,31.797142857142862,22.092857142857138,279.2142857142857,1008.3928571428571,4.142857142857143,0.3333333333333333,6.9,61.522999999999996,0
2025-03-28 23:00:00,4.153846153846154,578.6923076923077,31.80461538461538,21.996923076923075,273.53846153846155,1008.5584615384615,3.923076923076923,0.4,6.6,66.969,0
2025-03-29 00:00:00,3.7142857142857144,572.6428571428571,31.775,21.873571428571427,268.7857142857143,1008.4057142857142,3.5714285714285716,0.4,6.4,66.02266666666667,0
2025-03-29 01:00:00,3.6153846153846154,560.0769230769231,31.73923076923077,21.787692307692307,264.0,1008.3999999999999,3.6153846153846154,0.3333333333333333,6.1,62.126166666666656,0
2025-03-29 02:00:00,3.7857142857142856,555.3571428571429,31.687142857142856,21.692142857142862,259.2857142857143,1008.4971428571428,3.5,0.4,5.8,67.85683333333334,0
2025-03-29 03:00:00,3.6923076923076925,560.0769230769231,31.632307692307695,21.635384615384616,253.69230769230768,1009.0323076923077,3.4615384615384617,0.4,5.3,64.12666666666667,0
2025-03-29 04:00:00,4.571428571428571,548.9285714285714,31.595,21.616428571428575,246.28571428571428,1009.6814285714285,4.214285714285714,0.4,5.0,64.24449999999999,0
2025-03-29 05:00:00,3.8461538461538463,548.6923076923077,31.573846153846155,21.595384615384617,243.53846153846155,1010.0753846153847,3.8461538461538463,0.4,4.8,68.40716666666665,0
2025-03-29 06:00:00,3.357142857142857,527.7857142857143,31.52857142857143,21.62428571428572,238.64285714285714,1010.8314285714285,3.357142857142857,0.4,4.6,67.80533333333334,0
2025-03-29 07:00:00,4.0,535.1538461538462,31.44615384615384,21.728461538461538,242.15384615384616,1011.4892307692309,3.769230769230769,0.3333333333333333,4.5,64.4585,0
2025-03-29 08:00:00,3.9285714285714284,527.2857142857143,31.497142857142855,21.849285714285717,254.57142857142858,1012.2328571428571,3.642857142857143,0.4,5.2,58.6935,0
2025-03-29 09:00:00,3.923076923076923,535.5384615384615,31.401538461538458,22.03076923076923,251.23076923076923,1012.633846153846,3.230769230769231,0.3333333333333333,6.5,62.538333333333334,0
2025-03-29 10:00:00,2.7142857142857144,522.8571428571429,31.325714285714287,22.208571428571425,261.7142857142857,1012.8971428571427,2.7142857142857144,0.26666666666666666,7.8,61.2255,0
2025-03-29 11:00:00,2.3846153846153846,534.4615384615385,31.23076923076923,22.336153846153845,282.3076923076923,1012.9446153846153,2.3076923076923075,0.3333333333333333,8.9,64.9545,0
2025-03-29 12:00:00,2.142857142857143,549.4285714285714,31.179285714285715,22.381428571428575,310.14285714285717,1013.1642857142857,2.0714285714285716,0.26666666666666666,9.4,61.83950000000001,0
2025-03-29 13:00:00,1.8461538461538463,558.1538461538462,31.193846153846152,22.46153846153846,331.2307692307692,1013.3553846153844,1.8461538461538463,0.2,9.7,57.7445,0
2025-03-29 14:00:00,1.5714285714285714,536.9285714285714,31.312142857142856,22.535714285714295,324.2857142857143,1013.5428571428573,1.5714285714285714,0.26666666666666666,10.2,60.55850000000001,0
2025-03-29 15:00:00,1.4615384615384615,535.6923076923077,31.389230769230764,22.55461538461538,311.6923076923077,1013.5723076923077,1.4615384615384615,0.2,10.2,62.65866666666667,0
2025-03-29 16:00:00,1.5,532.8571428571429,31.471428571428564,22.562142857142863,297.64285714285717,1013.4499999999998,1.5,0.2,10.0,59.808666666666674,0
2025-03-29 17:00:00,1.2307692307692308,505.6923076923077,31.536923076923078,22.46538461538461,287.6923076923077,1013.1738461538462,1.2307692307692308,0.2,9.6,60.55999999999999,0
2025-03-29 18:00:00,1.4285714285714286,519.0714285714286,31.50142857142857,22.271428571428572,269.5,1013.1728571428572,1.1428571428571428,0.2,9.0,62.67600000000001,0
2025-03-29 19:00:00,1.2307692307692308,531.9230769230769,31.53461538461539,22.104615384615386,253.53846153846155,1013.0461538461539,1.0,0.13333333333333333,7.6,68.225,0
2025-03-29 20:00:00,1.6428571428571428,502.42857142857144,31.582857142857147,21.95428571428571,236.07142857142858,1012.5428571428572,1.6428571428571428,0.3333333333333333,6.0,70.13850000000001,0
2025-03-29 21:00:00,0.9230769230769231,516.6923076923077,31.651538461538458,21.814615384615387,226.92307692307693,1012.1123076923078,0.9230769230769231,0.26666666666666666,5.1,64.27683333333334,0
2025-03-29 22:00:00,1.2142857142857142,504.57142857142856,31.699999999999992,21.705000000000005,221.21428571428572,1011.5428571428573,1.2142857142857142,0.3333333333333333,4.7,68.01033333333332,0
2025-03-29 23:00:00,1.6153846153846154,506.84615384615387,31.71769230769231,21.623846153846156,214.30769230769232,1010.7615384615384,1.6153846153846154,0.4,4.7,74.18716666666666,0
2025-03-30 00:00:00,1.7142857142857142,507.64285714285717,31.717142857142857,21.572857142857142,206.71428571428572,1009.7028571428572,1.5,0.3333333333333333,4.9,69.14083333333333,0
2025-03-30 01:00:00,1.3076923076923077,509.61538461538464,31.69076923076923,21.50230769230769,197.30769230769232,1008.9476923076923,1.3076923076923077,0.4,4.9,68.40883333333335,0
2025-03-30 02:00:00,1.2857142857142858,506.42857142857144,31.66071428571428,21.44214285714286,197.42857142857142,1007.66,1.2857142857142858,0.4,5.1,71.35516666666666,0
2025-03-30 03:00:00,1.2307692307692308,491.38461538461536,31.636923076923075,21.390769230769234,194.92307692307693,1006.5323076923077,1.2307692307692308,0.3333333333333333,5.2,73.48633333333333,0
2025-03-30 04:00:00,1.2857142857142858,497.35714285714283,31.611428571428576,21.377857142857145,191.28571428571428,1004.7685714285715,1.1428571428571428,0.4,5.2,73.67216666666667,0
2025-03-30 05:00:00,1.6153846153846154,491.46153846153845,31.587692307692308,21.358461538461537,186.3846153846154,1002.956923076923,1.4615384615384615,0.4,5.3,67.8415,0
2025-03-30 06:00:00,0.5714285714285714,490.7857142857143,31.580000000000002,21.357142857142858,184.57142857142858,1001.6700000000001,0.5714285714285714,0.4,5.5,66.97666666666666,0
2025-03-30 07:00:00,1.0769230769230769,487.0,31.579230769230772,21.349999999999998,184.53846153846155,1000.8553846153847,1.0,0.4,5.8,63.52866666666667,0
2025-03-30 08:00:00,0.9285714285714286,481.2857142857143,31.581428571428567,21.358571428571434,180.28571428571428,1000.1600000000001,0.8571428571428571,0.4,6.0,70.22316666666666,0
2025-03-30 09:00:00,0.38461538461538464,485.46153846153845,31.5423076923077,21.441538461538457,177.3846153846154,999.8415384615387,0.38461538461538464,0.4,6.4,61.59716666666667,0
2025-03-30 10:00:00,0.7142857142857143,470.0,31.393571428571423,21.687142857142856,177.0,999.5614285714285,0.7142857142857143,0.4,6.8,65.25633333333333,0
2025-03-30 11:00:00,0.46153846153846156,486.38461538461536,31.22692307692308,22.003076923076925,191.69230769230768,999.3523076923076,0.46153846153846156,0.3333333333333333,7.3,66.98883333333335,0
2025-03-30 12:00:00,0.7142857142857143,481.2857142857143,31.16285714285715,22.102857142857147,201.07142857142858,999.4514285714287,0.5714285714285714,0.26666666666666666,7.8,62.874,0
2025-03-30 13:00:00,1.1538461538461537,484.46153846153845,31.237692307692303,22.10076923076923,192.46153846153845,999.9892307692311,1.1538461538461537,0.26666666666666666,8.2,60.84066666666667,0
2025-03-30 14:00:00,0.2857142857142857,501.42857142857144,31.34642857142857,22.113571428571426,191.71428571428572,1000.4057142857142,0.2857142857142857,0.26666666666666666,8.5,60.008166666666675,0
2025-03-30 15:00:00,0.7692307692307693,501.3076923076923,31.483076923076922,22.127692307692307,188.07692307692307,1001.0923076923077,0.7692307692307693,0.3333333333333333,8.5,61.425,0
2025-03-30 16:00:00,0.6428571428571429,503.07142857142856,31.59571428571428,22.101428571428567,182.5,1001.8214285714286,0.6428571428571429,0.26666666666666666,8.3,61.905833333333334,0
2025-03-30 17:00:00,0.9230769230769231,523.6923076923077,31.73076923076923,21.98384615384615,174.07692307692307,1002.7446153846153,0.8461538461538461,0.26666666666666666,8.1,62.7405,0
2025-03-30 18:00:00,0.8571428571428571,498.7857142857143,31.868571428571435,21.84357142857143,169.92857142857142,1003.7842857142857,0.6428571428571429,0.26666666666666666,7.9,68.937,0
2025-03-30 19:00:00,0.6153846153846154,522.6923076923077,31.999999999999996,21.733076923076922,163.6153846153846,1004.843076923077,0.6153846153846154,0.26666666666666666,7.6,68.304,0
2025-03-30 20:00:00,0.5714285714285714,523.4285714285714,32.11714285714286,21.659285714285712,158.71428571428572,1005.6585714285713,0.5714285714285714,0.4,7.1,66.2215,0
2025-03-30 21:00:00,0.5384615384615384,507.0,32.19923076923077,21.61692307692308,152.53846153846155,1006.4169230769231,0.5384615384615384,0.4,6.8,59.877500000000005,0
2025-03-30 22:00:00,0.35714285714285715,506.2857142857143,32.260714285714286,21.578571428571426,150.92857142857142,1007.22,0.35714285714285715,0.3333333333333333,6.5,67.47166666666666,0
2025-03-30 23:00:00,0.6153846153846154,501.2307692307692,32.32923076923077,21.497692307692304,143.6153846153846,1008.76,0.38461538461538464,0.4666666666666667,6.2,67.53916666666667,0
2025-03-31 00:00:00,0.42857142857142855,500.92857142857144,32.396428571428565,21.420000000000005,141.28571428571428,1009.9728571428574,0.42857142857142855,0.3333333333333333,5.9,66.37133333333333,0
2025-03-31 01:00:00,0.15384615384615385,495.9230769230769,32.45923076923077,21.395384615384614,136.07692307692307,1011.2369230769231,0.15384615384615385,0.4,5.6,65.3905,0
2025-03-31 02:00:00,0.14285714285714285,478.0,32.49571428571428,21.353571428571428,134.57142857142858,1012.3228571428571,0.14285714285714285,0.4,5.3,66.80783333333333,0
2025-03-31 03:00:00,0.0,492.53846153846155,32.5223076923077,21.305384615384618,130.15384615384616,1013.4907692307692,0.0,0.3333333333333333,4.9,67.97433333333333,0
2025-03-31 04:00:00,0.21428571428571427,491.7142857142857,32.55214285714286,21.28928571428571,127.71428571428571,1014.5285714285716,0.21428571428571427,0.8,4.6,69.48916666666668,0
2025-03-31 05:00:00,0.3076923076923077,510.53846153846155,32.71230769230769,21.284615384615385,125.6923076923077,1015.7615384615384,0.23076923076923078,0.6,4.2,65.5905,0
2025-03-31 06:00:00,0.21428571428571427,541.5714285714286,32.815000000000005,21.38785714285714,112.64285714285714,1016.9757142857142,0.0,0.4666666666666667,3.9,63.38816666666667,0
2025-03-31 07:00:00,0.6923076923076923,697.3076923076923,33.357692307692304,21.494615384615386,174.53846153846155,1017.8107692307692,0.15384615384615385,0.5333333333333333,3.6,59.344833333333334,0
2025-03-31 08:00:00,0.14285714285714285,739.6428571428571,32.695,21.93571428571429,164.0,1018.6342857142857,0.14285714285714285,0.4666666666666667,3.7,59.959999999999994,0
2025-03-31 09:00:00,0.15384615384615385,793.2307692307693,32.25923076923077,22.11076923076923,144.76923076923077,1019.7123076923076,0.0,0.5333333333333333,5.0,61.557,0
2025-03-31 10:00:00,0.14285714285714285,602.5,30.596428571428568,21.819285714285716,63.214285714285715,1020.6342857142855,0.0,0.4,6.4,54.11,0
2025-03-31 11:00:00,0.23076923076923078,578.0,30.55692307692307,21.913846153846155,145.46153846153845,1021.0507692307692,0.23076923076923078,0.4666666666666667,7.6,57.02566666666667,0
2025-03-31 12:00:00,0.0,648.3571428571429,30.483571428571427,22.067857142857143,227.0,1021.4985714285714,0.0,0.5333333333333333,8.5,52.126500000000014,0
2025-03-31 13:00:00,0.23076923076923078,1130.2307692307693,32.79692307692308,22.492307692307694,426.7692307692308,1021.9446153846155,0.0,0.4,9.3,57.588499999999996,0
2025-03-31 14:00:00,0.2857142857142857,1678.0714285714287,35.045,22.60357142857143,593.1428571428571,1022.4757142857144,0.2857142857142857,0.3333333333333333,9.8,64.66850000000001,0
2025-03-31 15:00:00,0.0,1071.1538461538462,30.53846153846154,22.172307692307694,270.84615384615387,1022.8707692307695,0.0,0.26666666666666666,10.2,63.903333333333336,0
2025-03-31 16:00:00,0.0,503.64285714285717,25.826428571428572,22.115714285714287,51.142857142857146,1023.5942857142857,0.0,0.0,10.4,58.07483333333334,0
2025-03-31 17:00:00,0.0,479.2307692307692,26.60538461538461,22.09,54.76923076923077,1024.2076923076925,0.0,0.0,10.4,57.657666666666664,0
2025-03-31 18:00:00,0.0,480.42857142857144,26.902142857142856,22.46857142857143,93.85714285714286,1025.0028571428572,0.0,0.0,10.2,62.939,0
2025-03-31 19:00:00,0.0,486.3076923076923,27.73461538461538,22.11384615384615,135.76923076923077,1025.5015384615385,0.0,0.4,9.5,66.45583333333333,0
2025-03-31 20:00:00,0.0,495.92857142857144,28.330000000000002,21.817857142857143,209.71428571428572,1025.9342857142858,0.0,0.4666666666666667,8.1,66.50483333333334,0
2025-03-31 21:00:00,0.0,481.84615384615387,28.840769230769233,21.592307692307696,249.46153846153845,1026.1384615384616,0.0,0.3333333333333333,6.4,71.80366666666666,0
2025-03-31 22:00:00,0.0,493.2857142857143,29.261428571428578,21.350714285714286,267.7857142857143,1026.362857142857,0.0,0.4666666666666667,5.3,65.347,0
2025-03-31 23:00:00,0.0,486.15384615384613,29.613846153846154,21.192307692307693,271.7692307692308,1026.5307692307692,0.0,0.4,4.4,66.25983333333333,0
2025-04-01 00:00:00,0.0,494.7857142857143,29.786428571428576,21.279285714285717,283.64285714285717,1026.7828571428572,0.0,0.4,3.8,0.0,0
2025-04-01 01:00:00,0.0,496.61538461538464,30.049230769230764,21.154615384615383,285.15384615384613,1027.0646153846158,0.0,0.4,3.3,0.0,0
2025-04-01 02:00:00,0.0,483.64285714285717,30.085714285714296,21.284285714285716,284.07142857142856,1027.3971428571426,0.0,0.4,2.7,0.0,0
2025-04-01 03:00:00,0.0,494.0,30.33153846153846,21.14923076923077,298.7692307692308,1027.7076923076925,0.0,0.4666666666666667,2.4,0.0,0
2025-04-01 04:00:00,0.0,495.0,30.421428571428574,21.25571428571428,295.64285714285717,1028.207142857143,0.0,0.8666666666666667,2.1,0.0,0
2025-04-01 05:00:00,0.0,493.0,30.375384615384615,21.438461538461542,301.53846153846155,1028.6292307692308,0.0,0.6,1.7,0.0,0
2025-04-01 06:00:00,0.21428571428571427,523.4285714285714,29.676428571428566,22.49571428571429,352.14285714285717,1028.8242857142857,0.0,0.8,1.4,0.0,0
2025-04-01 07:00:00,0.0,1142.6923076923076,31.351538461538457,23.832307692307698,648.6153846153846,1029.416923076923,0.0,0.6,1.4,0.0,0
2025-04-01 08:00:00,0.0,1992.642857142857,34.07071428571428,24.74,1052.642857142857,1030.0014285714285,0.0,0.0,1.7,0.0,0
2025-04-01 09:00:00,0.8461538461538461,1359.5384615384614,30.400769230769235,24.472307692307695,679.4615384615385,1030.1476923076923,0.46153846153846156,0.0,3.6,0.0,0
2025-04-01 10:00:00,0.07142857142857142,724.5714285714286,24.847857142857144,23.69214285714286,278.85714285714283,1030.0442857142857,0.07142857142857142,0.13333333333333333,5.6,0.0,0
2025-04-01 11:00:00,0.0,811.3076923076923,25.45307692307692,23.561538461538458,387.6923076923077,1029.852307692308,0.0,0.6666666666666666,7.4,0.0,0
2025-04-01 12:00:00,0.0,2237.0714285714284,33.59142857142857,24.095714285714287,1128.357142857143,1029.7514285714285,0.0,0.4666666666666667,9.0,0.0,0
2025-04-01 13:00:00,0.38461538461538464,2261.923076923077,34.292307692307695,23.70923076923077,1185.6923076923076,1029.4707692307695,0.0,0.3333333333333333,10.5,0.0,0
2025-04-01 14:00:00,0.14285714285714285,1914.642857142857,33.10642857142857,23.36785714285714,923.7142857142857,1029.2257142857143,0.0,0.3333333333333333,11.7,0.0,0
2025-04-01 15:00:00,0.46153846153846156,1200.2307692307693,28.016153846153845,22.99230769230769,486.61538461538464,1029.0553846153844,0.0,0.26666666666666666,12.5,0.0,0
2025-04-01 16:00:00,0.0,506.14285714285717,22.162142857142857,22.562142857142852,88.14285714285714,1029.0442857142857,0.0,0.13333333333333333,12.9,0.0,0
2025-04-01 17:00:00,0.0,476.9230769230769,21.60692307692308,22.28538461538462,54.61538461538461,1029.2046153846154,0.0,0.13333333333333333,13.0,0.0,0
2025-04-01 18:00:00,0.0,487.57142857142856,23.534285714285716,22.04571428571429,51.142857142857146,1029.61,0.0,0.2,12.8,0.0,0
2025-04-01 19:00:00,0.0,508.53846153846155,25.423076923076923,22.02769230769231,160.84615384615384,1029.803076923077,0.0,0.3333333333333333,12.1,0.0,0
2025-04-01 20:00:00,0.14285714285714285,524.5714285714286,26.61142857142857,22.193571428571424,320.2857142857143,1030.0542857142857,0.0,0.2,10.5,0.0,0
2025-04-01 21:00:00,0.23076923076923078,526.2307692307693,26.39076923076923,22.14153846153846,374.46153846153845,1030.170769230769,0.0,0.3333333333333333,8.6,0.0,0
2025-04-01 22:00:00,0.0,520.6428571428571,26.45214285714286,22.089285714285705,389.14285714285717,1030.1285714285714,0.0,0.3333333333333333,7.2,0.0,0
2025-04-01 23:00:00,0.0,507.46153846153845,26.599230769230772,22.022307692307695,391.7692307692308,1030.383076923077,0.0,0.3333333333333333,6.0,0.0,0
2025-04-02 00:00:00,0.0,499.85714285714283,26.765714285714285,21.930714285714284,395.0,1030.4799999999998,0.0,0.3333333333333333,5.1,0.0,0
2025-04-02 01:00:00,0.0,504.0769230769231,26.94615384615384,21.847692307692306,395.15384615384613,1030.3707692307692,0.0,0.3333333333333333,4.3,0.0,0
2025-04-02 02:00:00,0.14285714285714285,501.57142857142856,27.12071428571429,21.779285714285717,393.42857142857144,1030.4957142857143,0.0,0.4,3.7,0.0,0
2025-04-02 03:00:00,0.0,498.0,27.280769230769234,21.701538461538462,392.46153846153845,1030.5846153846155,0.0,0.4,3.2,0.0,0
2025-04-02 04:00:00,0.21428571428571427,499.42857142857144,27.462857142857143,21.649285714285718,391.7142857142857,1030.6057142857142,0.21428571428571427,0.4666666666666667,2.8,0.0,0
2025-04-02 05:00:00,0.07692307692307693,520.6153846153846,27.25615384615385,21.906923076923075,388.9230769230769,1030.783076923077,0.07692307692307693,0.3333333333333333,2.6,0.0,0
2025-04-02 06:00:00,0.5714285714285714,594.4285714285714,27.046428571428574,22.982142857142858,415.92857142857144,1030.9685714285713,0.5714285714285714,0.6666666666666666,2.4,0.0,0
2025-04-02 07:00:00,0.38461538461538464,619.4615384615385,26.48769230769231,24.03153846153846,450.3076923076923,1031.0892307692307,0.23076923076923078,0.3333333333333333,2.2,0.0,0
2025-04-02 08:00:00,0.14285714285714285,723.7857142857143,26.66714285714286,24.504999999999995,483.2857142857143,1031.3657142857144,0.14285714285714285,0.2,2.7,0.0,0
2025-04-02 09:00:00,0.15384615384615385,867.7692307692307,26.350769230769234,24.440000000000005,537.0769230769231,1031.3846153846155,0.15384615384615385,0.06666666666666667,5.4,0.0,0
2025-04-02 10:00:00,0.0,889.8571428571429,24.43428571428571,24.15142857142857,460.0,1031.15,0.0,0.06666666666666667,8.5,0.0,0
2025-04-02 11:00:00,0.23076923076923078,1224.6923076923076,25.53538461538462,24.274615384615384,601.1538461538462,1030.8323076923075,0.0,0.5333333333333333,10.5,0.0,0
2025-04-02 12:00:00,0.2857142857142857,1601.5714285714287,27.755000000000003,24.291428571428575,764.1428571428571,1030.4599999999998,0.2857142857142857,0.4,12.0,0.0,0
2025-04-02 13:00:00,0.23076923076923078,623.5384615384615,21.249230769230767,23.708461538461542,278.0769230769231,1029.8923076923077,0.0,0.3333333333333333,13.2,0.0,0
2025-04-02 14:00:00,0.14285714285714285,497.5,21.80785714285715,23.44785714285714,265.64285714285717,1029.1157142857144,0.14285714285714285,0.26666666666666666,13.8,0.0,0
2025-04-02 15:00:00,0.0,498.7692307692308,22.470769230769235,23.236923076923077,219.07692307692307,1028.5415384615387,0.0,0.13333333333333333,14.4,0.0,0
2025-04-02 16:00:00,0.0,484.92857142857144,22.523571428571433,23.03642857142857,100.07142857142857,1028.314285714286,0.0,0.13333333333333333,14.6,0.0,0
2025-04-02 17:00:00,0.15384615384615385,486.38461538461536,22.376153846153844,22.78076923076923,99.3076923076923,1028.376923076923,0.0,0.13333333333333333,14.6,0.0,0
2025-04-02 18:00:00,0.21428571428571427,473.92857142857144,22.53857142857143,22.48785714285714,80.71428571428571,1028.4814285714285,0.21428571428571427,0.2,14.4,0.0,0
2025-04-02 19:00:00,0.38461538461538464,504.53846153846155,23.126923076923074,22.338461538461537,188.6153846153846,1028.5646153846153,0.38461538461538464,0.2,13.7,0.0,0
2025-04-02 20:00:00,0.42857142857142855,493.64285714285717,23.713571428571434,22.27,297.14285714285717,1028.6757142857143,0.42857142857142855,0.26666666666666666,12.0,0.0,0
2025-04-02 21:00:00,0.7692307692307693,476.2307692307692,24.228461538461538,22.14076923076923,347.0769230769231,1028.8507692307692,0.7692307692307693,0.3333333333333333,9.9,0.0,0
2025-04-02 22:00:00,0.6428571428571429,480.5,24.659285714285712,22.057142857142853,365.5,1029.0071428571428,0.6428571428571429,0.26666666666666666,8.3,0.0,0
2025-04-02 23:00:00,1.2307692307692308,491.84615384615387,25.04615384615385,21.934615384615384,370.0769230769231,1029.0800000000002,1.2307692307692308,0.26666666666666666,7.3,0.0,0
2025-04-03 00:00:00,1.1428571428571428,486.92857142857144,25.364285714285717,21.82571428571428,370.7142857142857,1028.9185714285716,1.0,0.26666666666666666,6.5,0.0,0
2025-04-03 01:00:00,1.8461538461538463,506.6923076923077,25.650769230769235,21.716153846153848,368.9230769230769,1028.7030769230767,1.8461538461538463,0.3333333333333333,5.9,0.0,0
2025-04-03 02:00:00,1.1428571428571428,505.14285714285717,25.906428571428567,21.647857142857145,366.64285714285717,1028.5657142857144,1.1428571428571428,0.26666666666666666,5.3,0.0,0
2025-04-03 03:00:00,0.7692307692307693,488.0,26.14,21.586923076923078,355.0769230769231,1028.6076923076923,0.7692307692307693,0.3333333333333333,4.9,0.0,0
2025-04-03 04:00:00,0.9285714285714286,521.8571428571429,26.37142857142857,21.49642857142857,360.5,1028.8442857142857,0.7142857142857143,0.3333333333333333,4.5,0.0,0
2025-04-03 05:00:00,1.3076923076923077,499.84615384615387,26.37923076923077,21.77076923076923,359.46153846153845,1028.9307692307693,1.3076923076923077,0.3333333333333333,3.9,0.0,0
2025-04-03 06:00:00,1.0714285714285714,561.0,25.794285714285717,23.00428571428571,411.7142857142857,1028.93,1.0714285714285714,0.5333333333333333,3.5,0.0,0
2025-04-03 07:00:00,2.3333333333333335,786.1666666666666,26.016666666666666,24.145,455.5,1028.9166666666667,2.0,0.26666666666666666,3.3,0.0,0
